[2026-05-13 09:03:14] local.ERROR: Class "DOMDocument" not found {"exception":"[object] (Error(code: 0): Class \"DOMDocument\" not found at /home/dragon/gestion-produits/vendor/symfony/console/Descriptor/XmlDescriptor.php:84)
[stacktrace]
#0 /home/dragon/gestion-produits/vendor/symfony/console/Descriptor/XmlDescriptor.php(145): Symfony\\Component\\Console\\Descriptor\\XmlDescriptor->getApplicationDocument()
#1 /home/dragon/gestion-produits/vendor/symfony/console/Descriptor/Descriptor.php(40): Symfony\\Component\\Console\\Descriptor\\XmlDescriptor->describeApplication()
#2 /home/dragon/gestion-produits/vendor/symfony/console/Helper/DescriptorHelper.php(67): Symfony\\Component\\Console\\Descriptor\\Descriptor->describe()
#3 /home/dragon/gestion-produits/vendor/symfony/console/Command/ListCommand.php(63): Symfony\\Component\\Console\\Helper\\DescriptorHelper->describe()
#4 /home/dragon/gestion-produits/vendor/symfony/console/Command/Command.php(291): Symfony\\Component\\Console\\Command\\ListCommand->execute()
#5 /home/dragon/gestion-produits/vendor/symfony/console/Application.php(1107): Symfony\\Component\\Console\\Command\\Command->run()
#6 /home/dragon/gestion-produits/vendor/symfony/console/Application.php(356): Symfony\\Component\\Console\\Application->doRunCommand()
#7 /home/dragon/gestion-produits/vendor/symfony/console/Application.php(195): Symfony\\Component\\Console\\Application->doRun()
#8 /home/dragon/gestion-produits/vendor/laravel/framework/src/Illuminate/Foundation/Console/Kernel.php(198): Symfony\\Component\\Console\\Application->run()
#9 /home/dragon/gestion-produits/vendor/laravel/framework/src/Illuminate/Foundation/Application.php(1235): Illuminate\\Foundation\\Console\\Kernel->handle()
#10 /home/dragon/gestion-produits/artisan(16): Illuminate\\Foundation\\Application->handleCommand()
#11 {main}
"} 
[2026-05-13 09:03:16] local.ERROR: Class "DOMDocument" not found {"exception":"[object] (Error(code: 0): Class \"DOMDocument\" not found at /home/dragon/gestion-produits/vendor/symfony/console/Descriptor/XmlDescriptor.php:84)
[stacktrace]
#0 /home/dragon/gestion-produits/vendor/symfony/console/Descriptor/XmlDescriptor.php(145): Symfony\\Component\\Console\\Descriptor\\XmlDescriptor->getApplicationDocument()
#1 /home/dragon/gestion-produits/vendor/symfony/console/Descriptor/Descriptor.php(40): Symfony\\Component\\Console\\Descriptor\\XmlDescriptor->describeApplication()
#2 /home/dragon/gestion-produits/vendor/symfony/console/Helper/DescriptorHelper.php(67): Symfony\\Component\\Console\\Descriptor\\Descriptor->describe()
#3 /home/dragon/gestion-produits/vendor/symfony/console/Command/ListCommand.php(63): Symfony\\Component\\Console\\Helper\\DescriptorHelper->describe()
#4 /home/dragon/gestion-produits/vendor/symfony/console/Command/Command.php(291): Symfony\\Component\\Console\\Command\\ListCommand->execute()
#5 /home/dragon/gestion-produits/vendor/symfony/console/Application.php(1107): Symfony\\Component\\Console\\Command\\Command->run()
#6 /home/dragon/gestion-produits/vendor/symfony/console/Application.php(356): Symfony\\Component\\Console\\Application->doRunCommand()
#7 /home/dragon/gestion-produits/vendor/symfony/console/Application.php(195): Symfony\\Component\\Console\\Application->doRun()
#8 /home/dragon/gestion-produits/vendor/laravel/framework/src/Illuminate/Foundation/Console/Kernel.php(198): Symfony\\Component\\Console\\Application->run()
#9 /home/dragon/gestion-produits/vendor/laravel/framework/src/Illuminate/Foundation/Application.php(1235): Illuminate\\Foundation\\Console\\Kernel->handle()
#10 /home/dragon/gestion-produits/artisan(16): Illuminate\\Foundation\\Application->handleCommand()
#11 {main}
"} 
[2026-05-13 09:08:21] local.ERROR: Class "DOMDocument" not found {"exception":"[object] (Error(code: 0): Class \"DOMDocument\" not found at /home/dragon/gestion-produits/vendor/symfony/console/Descriptor/XmlDescriptor.php:84)
[stacktrace]
#0 /home/dragon/gestion-produits/vendor/symfony/console/Descriptor/XmlDescriptor.php(145): Symfony\\Component\\Console\\Descriptor\\XmlDescriptor->getApplicationDocument()
#1 /home/dragon/gestion-produits/vendor/symfony/console/Descriptor/Descriptor.php(40): Symfony\\Component\\Console\\Descriptor\\XmlDescriptor->describeApplication()
#2 /home/dragon/gestion-produits/vendor/symfony/console/Helper/DescriptorHelper.php(67): Symfony\\Component\\Console\\Descriptor\\Descriptor->describe()
#3 /home/dragon/gestion-produits/vendor/symfony/console/Command/ListCommand.php(63): Symfony\\Component\\Console\\Helper\\DescriptorHelper->describe()
#4 /home/dragon/gestion-produits/vendor/symfony/console/Command/Command.php(291): Symfony\\Component\\Console\\Command\\ListCommand->execute()
#5 /home/dragon/gestion-produits/vendor/symfony/console/Application.php(1107): Symfony\\Component\\Console\\Command\\Command->run()
#6 /home/dragon/gestion-produits/vendor/symfony/console/Application.php(356): Symfony\\Component\\Console\\Application->doRunCommand()
#7 /home/dragon/gestion-produits/vendor/symfony/console/Application.php(195): Symfony\\Component\\Console\\Application->doRun()
#8 /home/dragon/gestion-produits/vendor/laravel/framework/src/Illuminate/Foundation/Console/Kernel.php(198): Symfony\\Component\\Console\\Application->run()
#9 /home/dragon/gestion-produits/vendor/laravel/framework/src/Illuminate/Foundation/Application.php(1235): Illuminate\\Foundation\\Console\\Kernel->handle()
#10 /home/dragon/gestion-produits/artisan(16): Illuminate\\Foundation\\Application->handleCommand()
#11 {main}
"} 
[2026-05-13 09:59:43] local.ERROR: Class "DOMDocument" not found {"exception":"[object] (Error(code: 0): Class \"DOMDocument\" not found at /home/dragon/gestion-produits/vendor/symfony/console/Descriptor/XmlDescriptor.php:84)
[stacktrace]
#0 /home/dragon/gestion-produits/vendor/symfony/console/Descriptor/XmlDescriptor.php(145): Symfony\\Component\\Console\\Descriptor\\XmlDescriptor->getApplicationDocument()
#1 /home/dragon/gestion-produits/vendor/symfony/console/Descriptor/Descriptor.php(40): Symfony\\Component\\Console\\Descriptor\\XmlDescriptor->describeApplication()
#2 /home/dragon/gestion-produits/vendor/symfony/console/Helper/DescriptorHelper.php(67): Symfony\\Component\\Console\\Descriptor\\Descriptor->describe()
#3 /home/dragon/gestion-produits/vendor/symfony/console/Command/ListCommand.php(63): Symfony\\Component\\Console\\Helper\\DescriptorHelper->describe()
#4 /home/dragon/gestion-produits/vendor/symfony/console/Command/Command.php(291): Symfony\\Component\\Console\\Command\\ListCommand->execute()
#5 /home/dragon/gestion-produits/vendor/symfony/console/Application.php(1107): Symfony\\Component\\Console\\Command\\Command->run()
#6 /home/dragon/gestion-produits/vendor/symfony/console/Application.php(356): Symfony\\Component\\Console\\Application->doRunCommand()
#7 /home/dragon/gestion-produits/vendor/symfony/console/Application.php(195): Symfony\\Component\\Console\\Application->doRun()
#8 /home/dragon/gestion-produits/vendor/laravel/framework/src/Illuminate/Foundation/Console/Kernel.php(198): Symfony\\Component\\Console\\Application->run()
#9 /home/dragon/gestion-produits/vendor/laravel/framework/src/Illuminate/Foundation/Application.php(1235): Illuminate\\Foundation\\Console\\Kernel->handle()
#10 /home/dragon/gestion-produits/artisan(16): Illuminate\\Foundation\\Application->handleCommand()
#11 {main}
"} 
[2026-05-13 10:36:57] local.ERROR: Target class [DatabaseSeeder] does not exist. {"exception":"[object] (Illuminate\\Contracts\\Container\\BindingResolutionException(code: 0): Target class [DatabaseSeeder] does not exist. at /var/www/html/vendor/laravel/framework/src/Illuminate/Container/Container.php:1127)
[stacktrace]
#0 /var/www/html/vendor/laravel/framework/src/Illuminate/Container/Container.php(936): Illuminate\\Container\\Container->build()
#1 /var/www/html/vendor/laravel/framework/src/Illuminate/Foundation/Application.php(1078): Illuminate\\Container\\Container->resolve()
#2 /var/www/html/vendor/laravel/framework/src/Illuminate/Container/Container.php(864): Illuminate\\Foundation\\Application->resolve()
#3 /var/www/html/vendor/laravel/framework/src/Illuminate/Foundation/Application.php(1058): Illuminate\\Container\\Container->make()
#4 /var/www/html/vendor/laravel/framework/src/Illuminate/Database/Console/Seeds/SeedCommand.php(99): Illuminate\\Foundation\\Application->make()
#5 /var/www/html/vendor/laravel/framework/src/Illuminate/Database/Console/Seeds/SeedCommand.php(71): Illuminate\\Database\\Console\\Seeds\\SeedCommand->getSeeder()
#6 /var/www/html/vendor/laravel/framework/src/Illuminate/Database/Eloquent/Concerns/GuardsAttributes.php(181): Illuminate\\Database\\Console\\Seeds\\SeedCommand->{closure:Illuminate\\Database\\Console\\Seeds\\SeedCommand::handle():70}()
#7 /var/www/html/vendor/laravel/framework/src/Illuminate/Database/Console/Seeds/SeedCommand.php(70): Illuminate\\Database\\Eloquent\\Model::unguarded()
#8 /var/www/html/vendor/laravel/framework/src/Illuminate/Container/BoundMethod.php(36): Illuminate\\Database\\Console\\Seeds\\SeedCommand->handle()
#9 /var/www/html/vendor/laravel/framework/src/Illuminate/Container/Util.php(43): Illuminate\\Container\\BoundMethod::{closure:Illuminate\\Container\\BoundMethod::call():35}()
#10 /var/www/html/vendor/laravel/framework/src/Illuminate/Container/BoundMethod.php(96): Illuminate\\Container\\Util::unwrapIfClosure()
#11 /var/www/html/vendor/laravel/framework/src/Illuminate/Container/BoundMethod.php(35): Illuminate\\Container\\BoundMethod::callBoundMethod()
#12 /var/www/html/vendor/laravel/framework/src/Illuminate/Container/Container.php(799): Illuminate\\Container\\BoundMethod::call()
#13 /var/www/html/vendor/laravel/framework/src/Illuminate/Console/Command.php(280): Illuminate\\Container\\Container->call()
#14 /var/www/html/vendor/symfony/console/Command/Command.php(291): Illuminate\\Console\\Command->execute()
#15 /var/www/html/vendor/laravel/framework/src/Illuminate/Console/Command.php(249): Symfony\\Component\\Console\\Command\\Command->run()
#16 /var/www/html/vendor/laravel/framework/src/Illuminate/Console/Concerns/CallsCommands.php(68): Illuminate\\Console\\Command->run()
#17 /var/www/html/vendor/laravel/framework/src/Illuminate/Console/Concerns/CallsCommands.php(29): Illuminate\\Console\\Command->runCommand()
#18 /var/www/html/vendor/laravel/framework/src/Illuminate/Database/Console/Migrations/FreshCommand.php(128): Illuminate\\Console\\Command->call()
#19 /var/www/html/vendor/laravel/framework/src/Illuminate/Database/Console/Migrations/FreshCommand.php(104): Illuminate\\Database\\Console\\Migrations\\FreshCommand->runSeeder()
#20 /var/www/html/vendor/laravel/framework/src/Illuminate/Container/BoundMethod.php(36): Illuminate\\Database\\Console\\Migrations\\FreshCommand->handle()
#21 /var/www/html/vendor/laravel/framework/src/Illuminate/Container/Util.php(43): Illuminate\\Container\\BoundMethod::{closure:Illuminate\\Container\\BoundMethod::call():35}()
#22 /var/www/html/vendor/laravel/framework/src/Illuminate/Container/BoundMethod.php(96): Illuminate\\Container\\Util::unwrapIfClosure()
#23 /var/www/html/vendor/laravel/framework/src/Illuminate/Container/BoundMethod.php(35): Illuminate\\Container\\BoundMethod::callBoundMethod()
#24 /var/www/html/vendor/laravel/framework/src/Illuminate/Container/Container.php(799): Illuminate\\Container\\BoundMethod::call()
#25 /var/www/html/vendor/laravel/framework/src/Illuminate/Console/Command.php(280): Illuminate\\Container\\Container->call()
#26 /var/www/html/vendor/symfony/console/Command/Command.php(291): Illuminate\\Console\\Command->execute()
#27 /var/www/html/vendor/laravel/framework/src/Illuminate/Console/Command.php(249): Symfony\\Component\\Console\\Command\\Command->run()
#28 /var/www/html/vendor/symfony/console/Application.php(1107): Illuminate\\Console\\Command->run()
#29 /var/www/html/vendor/symfony/console/Application.php(356): Symfony\\Component\\Console\\Application->doRunCommand()
#30 /var/www/html/vendor/symfony/console/Application.php(195): Symfony\\Component\\Console\\Application->doRun()
#31 /var/www/html/vendor/laravel/framework/src/Illuminate/Foundation/Console/Kernel.php(198): Symfony\\Component\\Console\\Application->run()
#32 /var/www/html/vendor/laravel/framework/src/Illuminate/Foundation/Application.php(1235): Illuminate\\Foundation\\Console\\Kernel->handle()
#33 /var/www/html/artisan(16): Illuminate\\Foundation\\Application->handleCommand()
#34 {main}

[previous exception] [object] (ReflectionException(code: -1): Class \"DatabaseSeeder\" does not exist at /var/www/html/vendor/laravel/framework/src/Illuminate/Container/Container.php:1125)
[stacktrace]
#0 /var/www/html/vendor/laravel/framework/src/Illuminate/Container/Container.php(1125): ReflectionClass->__construct()
#1 /var/www/html/vendor/laravel/framework/src/Illuminate/Container/Container.php(936): Illuminate\\Container\\Container->build()
#2 /var/www/html/vendor/laravel/framework/src/Illuminate/Foundation/Application.php(1078): Illuminate\\Container\\Container->resolve()
#3 /var/www/html/vendor/laravel/framework/src/Illuminate/Container/Container.php(864): Illuminate\\Foundation\\Application->resolve()
#4 /var/www/html/vendor/laravel/framework/src/Illuminate/Foundation/Application.php(1058): Illuminate\\Container\\Container->make()
#5 /var/www/html/vendor/laravel/framework/src/Illuminate/Database/Console/Seeds/SeedCommand.php(99): Illuminate\\Foundation\\Application->make()
#6 /var/www/html/vendor/laravel/framework/src/Illuminate/Database/Console/Seeds/SeedCommand.php(71): Illuminate\\Database\\Console\\Seeds\\SeedCommand->getSeeder()
#7 /var/www/html/vendor/laravel/framework/src/Illuminate/Database/Eloquent/Concerns/GuardsAttributes.php(181): Illuminate\\Database\\Console\\Seeds\\SeedCommand->{closure:Illuminate\\Database\\Console\\Seeds\\SeedCommand::handle():70}()
#8 /var/www/html/vendor/laravel/framework/src/Illuminate/Database/Console/Seeds/SeedCommand.php(70): Illuminate\\Database\\Eloquent\\Model::unguarded()
#9 /var/www/html/vendor/laravel/framework/src/Illuminate/Container/BoundMethod.php(36): Illuminate\\Database\\Console\\Seeds\\SeedCommand->handle()
#10 /var/www/html/vendor/laravel/framework/src/Illuminate/Container/Util.php(43): Illuminate\\Container\\BoundMethod::{closure:Illuminate\\Container\\BoundMethod::call():35}()
#11 /var/www/html/vendor/laravel/framework/src/Illuminate/Container/BoundMethod.php(96): Illuminate\\Container\\Util::unwrapIfClosure()
#12 /var/www/html/vendor/laravel/framework/src/Illuminate/Container/BoundMethod.php(35): Illuminate\\Container\\BoundMethod::callBoundMethod()
#13 /var/www/html/vendor/laravel/framework/src/Illuminate/Container/Container.php(799): Illuminate\\Container\\BoundMethod::call()
#14 /var/www/html/vendor/laravel/framework/src/Illuminate/Console/Command.php(280): Illuminate\\Container\\Container->call()
#15 /var/www/html/vendor/symfony/console/Command/Command.php(291): Illuminate\\Console\\Command->execute()
#16 /var/www/html/vendor/laravel/framework/src/Illuminate/Console/Command.php(249): Symfony\\Component\\Console\\Command\\Command->run()
#17 /var/www/html/vendor/laravel/framework/src/Illuminate/Console/Concerns/CallsCommands.php(68): Illuminate\\Console\\Command->run()
#18 /var/www/html/vendor/laravel/framework/src/Illuminate/Console/Concerns/CallsCommands.php(29): Illuminate\\Console\\Command->runCommand()
#19 /var/www/html/vendor/laravel/framework/src/Illuminate/Database/Console/Migrations/FreshCommand.php(128): Illuminate\\Console\\Command->call()
#20 /var/www/html/vendor/laravel/framework/src/Illuminate/Database/Console/Migrations/FreshCommand.php(104): Illuminate\\Database\\Console\\Migrations\\FreshCommand->runSeeder()
#21 /var/www/html/vendor/laravel/framework/src/Illuminate/Container/BoundMethod.php(36): Illuminate\\Database\\Console\\Migrations\\FreshCommand->handle()
#22 /var/www/html/vendor/laravel/framework/src/Illuminate/Container/Util.php(43): Illuminate\\Container\\BoundMethod::{closure:Illuminate\\Container\\BoundMethod::call():35}()
#23 /var/www/html/vendor/laravel/framework/src/Illuminate/Container/BoundMethod.php(96): Illuminate\\Container\\Util::unwrapIfClosure()
#24 /var/www/html/vendor/laravel/framework/src/Illuminate/Container/BoundMethod.php(35): Illuminate\\Container\\BoundMethod::callBoundMethod()
#25 /var/www/html/vendor/laravel/framework/src/Illuminate/Container/Container.php(799): Illuminate\\Container\\BoundMethod::call()
#26 /var/www/html/vendor/laravel/framework/src/Illuminate/Console/Command.php(280): Illuminate\\Container\\Container->call()
#27 /var/www/html/vendor/symfony/console/Command/Command.php(291): Illuminate\\Console\\Command->execute()
#28 /var/www/html/vendor/laravel/framework/src/Illuminate/Console/Command.php(249): Symfony\\Component\\Console\\Command\\Command->run()
#29 /var/www/html/vendor/symfony/console/Application.php(1107): Illuminate\\Console\\Command->run()
#30 /var/www/html/vendor/symfony/console/Application.php(356): Symfony\\Component\\Console\\Application->doRunCommand()
#31 /var/www/html/vendor/symfony/console/Application.php(195): Symfony\\Component\\Console\\Application->doRun()
#32 /var/www/html/vendor/laravel/framework/src/Illuminate/Foundation/Console/Kernel.php(198): Symfony\\Component\\Console\\Application->run()
#33 /var/www/html/vendor/laravel/framework/src/Illuminate/Foundation/Application.php(1235): Illuminate\\Foundation\\Console\\Kernel->handle()
#34 /var/www/html/artisan(16): Illuminate\\Foundation\\Application->handleCommand()
#35 {main}
"} 
[2026-05-13 10:41:36] local.ERROR: Target class [Database\Seeders\DatasetSeeder] does not exist. {"exception":"[object] (Illuminate\\Contracts\\Container\\BindingResolutionException(code: 0): Target class [Database\\Seeders\\DatasetSeeder] does not exist. at /var/www/html/vendor/laravel/framework/src/Illuminate/Container/Container.php:1127)
[stacktrace]
#0 /var/www/html/vendor/laravel/framework/src/Illuminate/Container/Container.php(936): Illuminate\\Container\\Container->build()
#1 /var/www/html/vendor/laravel/framework/src/Illuminate/Foundation/Application.php(1078): Illuminate\\Container\\Container->resolve()
#2 /var/www/html/vendor/laravel/framework/src/Illuminate/Container/Container.php(864): Illuminate\\Foundation\\Application->resolve()
#3 /var/www/html/vendor/laravel/framework/src/Illuminate/Foundation/Application.php(1058): Illuminate\\Container\\Container->make()
#4 /var/www/html/vendor/laravel/framework/src/Illuminate/Database/Seeder.php(129): Illuminate\\Foundation\\Application->make()
#5 /var/www/html/vendor/laravel/framework/src/Illuminate/Database/Seeder.php(48): Illuminate\\Database\\Seeder->resolve()
#6 /var/www/html/database/seeders/DatabaseSeeder.php(85): Illuminate\\Database\\Seeder->call()
#7 /var/www/html/vendor/laravel/framework/src/Illuminate/Container/BoundMethod.php(36): Database\\Seeders\\DatabaseSeeder->run()
#8 /var/www/html/vendor/laravel/framework/src/Illuminate/Container/Util.php(43): Illuminate\\Container\\BoundMethod::{closure:Illuminate\\Container\\BoundMethod::call():35}()
#9 /var/www/html/vendor/laravel/framework/src/Illuminate/Container/BoundMethod.php(96): Illuminate\\Container\\Util::unwrapIfClosure()
#10 /var/www/html/vendor/laravel/framework/src/Illuminate/Container/BoundMethod.php(35): Illuminate\\Container\\BoundMethod::callBoundMethod()
#11 /var/www/html/vendor/laravel/framework/src/Illuminate/Container/Container.php(799): Illuminate\\Container\\BoundMethod::call()
#12 /var/www/html/vendor/laravel/framework/src/Illuminate/Database/Seeder.php(184): Illuminate\\Container\\Container->call()
#13 /var/www/html/vendor/laravel/framework/src/Illuminate/Database/Seeder.php(191): Illuminate\\Database\\Seeder->{closure:Illuminate\\Database\\Seeder::__invoke():183}()
#14 /var/www/html/vendor/laravel/framework/src/Illuminate/Database/Console/Seeds/SeedCommand.php(71): Illuminate\\Database\\Seeder->__invoke()
#15 /var/www/html/vendor/laravel/framework/src/Illuminate/Database/Eloquent/Concerns/GuardsAttributes.php(181): Illuminate\\Database\\Console\\Seeds\\SeedCommand->{closure:Illuminate\\Database\\Console\\Seeds\\SeedCommand::handle():70}()
#16 /var/www/html/vendor/laravel/framework/src/Illuminate/Database/Console/Seeds/SeedCommand.php(70): Illuminate\\Database\\Eloquent\\Model::unguarded()
#17 /var/www/html/vendor/laravel/framework/src/Illuminate/Container/BoundMethod.php(36): Illuminate\\Database\\Console\\Seeds\\SeedCommand->handle()
#18 /var/www/html/vendor/laravel/framework/src/Illuminate/Container/Util.php(43): Illuminate\\Container\\BoundMethod::{closure:Illuminate\\Container\\BoundMethod::call():35}()
#19 /var/www/html/vendor/laravel/framework/src/Illuminate/Container/BoundMethod.php(96): Illuminate\\Container\\Util::unwrapIfClosure()
#20 /var/www/html/vendor/laravel/framework/src/Illuminate/Container/BoundMethod.php(35): Illuminate\\Container\\BoundMethod::callBoundMethod()
#21 /var/www/html/vendor/laravel/framework/src/Illuminate/Container/Container.php(799): Illuminate\\Container\\BoundMethod::call()
#22 /var/www/html/vendor/laravel/framework/src/Illuminate/Console/Command.php(280): Illuminate\\Container\\Container->call()
#23 /var/www/html/vendor/symfony/console/Command/Command.php(291): Illuminate\\Console\\Command->execute()
#24 /var/www/html/vendor/laravel/framework/src/Illuminate/Console/Command.php(249): Symfony\\Component\\Console\\Command\\Command->run()
#25 /var/www/html/vendor/laravel/framework/src/Illuminate/Console/Concerns/CallsCommands.php(68): Illuminate\\Console\\Command->run()
#26 /var/www/html/vendor/laravel/framework/src/Illuminate/Console/Concerns/CallsCommands.php(29): Illuminate\\Console\\Command->runCommand()
#27 /var/www/html/vendor/laravel/framework/src/Illuminate/Database/Console/Migrations/FreshCommand.php(128): Illuminate\\Console\\Command->call()
#28 /var/www/html/vendor/laravel/framework/src/Illuminate/Database/Console/Migrations/FreshCommand.php(104): Illuminate\\Database\\Console\\Migrations\\FreshCommand->runSeeder()
#29 /var/www/html/vendor/laravel/framework/src/Illuminate/Container/BoundMethod.php(36): Illuminate\\Database\\Console\\Migrations\\FreshCommand->handle()
#30 /var/www/html/vendor/laravel/framework/src/Illuminate/Container/Util.php(43): Illuminate\\Container\\BoundMethod::{closure:Illuminate\\Container\\BoundMethod::call():35}()
#31 /var/www/html/vendor/laravel/framework/src/Illuminate/Container/BoundMethod.php(96): Illuminate\\Container\\Util::unwrapIfClosure()
#32 /var/www/html/vendor/laravel/framework/src/Illuminate/Container/BoundMethod.php(35): Illuminate\\Container\\BoundMethod::callBoundMethod()
#33 /var/www/html/vendor/laravel/framework/src/Illuminate/Container/Container.php(799): Illuminate\\Container\\BoundMethod::call()
#34 /var/www/html/vendor/laravel/framework/src/Illuminate/Console/Command.php(280): Illuminate\\Container\\Container->call()
#35 /var/www/html/vendor/symfony/console/Command/Command.php(291): Illuminate\\Console\\Command->execute()
#36 /var/www/html/vendor/laravel/framework/src/Illuminate/Console/Command.php(249): Symfony\\Component\\Console\\Command\\Command->run()
#37 /var/www/html/vendor/symfony/console/Application.php(1107): Illuminate\\Console\\Command->run()
#38 /var/www/html/vendor/symfony/console/Application.php(356): Symfony\\Component\\Console\\Application->doRunCommand()
#39 /var/www/html/vendor/symfony/console/Application.php(195): Symfony\\Component\\Console\\Application->doRun()
#40 /var/www/html/vendor/laravel/framework/src/Illuminate/Foundation/Console/Kernel.php(198): Symfony\\Component\\Console\\Application->run()
#41 /var/www/html/vendor/laravel/framework/src/Illuminate/Foundation/Application.php(1235): Illuminate\\Foundation\\Console\\Kernel->handle()
#42 /var/www/html/artisan(16): Illuminate\\Foundation\\Application->handleCommand()
#43 {main}

[previous exception] [object] (ReflectionException(code: -1): Class \"Database\\Seeders\\DatasetSeeder\" does not exist at /var/www/html/vendor/laravel/framework/src/Illuminate/Container/Container.php:1125)
[stacktrace]
#0 /var/www/html/vendor/laravel/framework/src/Illuminate/Container/Container.php(1125): ReflectionClass->__construct()
#1 /var/www/html/vendor/laravel/framework/src/Illuminate/Container/Container.php(936): Illuminate\\Container\\Container->build()
#2 /var/www/html/vendor/laravel/framework/src/Illuminate/Foundation/Application.php(1078): Illuminate\\Container\\Container->resolve()
#3 /var/www/html/vendor/laravel/framework/src/Illuminate/Container/Container.php(864): Illuminate\\Foundation\\Application->resolve()
#4 /var/www/html/vendor/laravel/framework/src/Illuminate/Foundation/Application.php(1058): Illuminate\\Container\\Container->make()
#5 /var/www/html/vendor/laravel/framework/src/Illuminate/Database/Seeder.php(129): Illuminate\\Foundation\\Application->make()
#6 /var/www/html/vendor/laravel/framework/src/Illuminate/Database/Seeder.php(48): Illuminate\\Database\\Seeder->resolve()
#7 /var/www/html/database/seeders/DatabaseSeeder.php(85): Illuminate\\Database\\Seeder->call()
#8 /var/www/html/vendor/laravel/framework/src/Illuminate/Container/BoundMethod.php(36): Database\\Seeders\\DatabaseSeeder->run()
#9 /var/www/html/vendor/laravel/framework/src/Illuminate/Container/Util.php(43): Illuminate\\Container\\BoundMethod::{closure:Illuminate\\Container\\BoundMethod::call():35}()
#10 /var/www/html/vendor/laravel/framework/src/Illuminate/Container/BoundMethod.php(96): Illuminate\\Container\\Util::unwrapIfClosure()
#11 /var/www/html/vendor/laravel/framework/src/Illuminate/Container/BoundMethod.php(35): Illuminate\\Container\\BoundMethod::callBoundMethod()
#12 /var/www/html/vendor/laravel/framework/src/Illuminate/Container/Container.php(799): Illuminate\\Container\\BoundMethod::call()
#13 /var/www/html/vendor/laravel/framework/src/Illuminate/Database/Seeder.php(184): Illuminate\\Container\\Container->call()
#14 /var/www/html/vendor/laravel/framework/src/Illuminate/Database/Seeder.php(191): Illuminate\\Database\\Seeder->{closure:Illuminate\\Database\\Seeder::__invoke():183}()
#15 /var/www/html/vendor/laravel/framework/src/Illuminate/Database/Console/Seeds/SeedCommand.php(71): Illuminate\\Database\\Seeder->__invoke()
#16 /var/www/html/vendor/laravel/framework/src/Illuminate/Database/Eloquent/Concerns/GuardsAttributes.php(181): Illuminate\\Database\\Console\\Seeds\\SeedCommand->{closure:Illuminate\\Database\\Console\\Seeds\\SeedCommand::handle():70}()
#17 /var/www/html/vendor/laravel/framework/src/Illuminate/Database/Console/Seeds/SeedCommand.php(70): Illuminate\\Database\\Eloquent\\Model::unguarded()
#18 /var/www/html/vendor/laravel/framework/src/Illuminate/Container/BoundMethod.php(36): Illuminate\\Database\\Console\\Seeds\\SeedCommand->handle()
#19 /var/www/html/vendor/laravel/framework/src/Illuminate/Container/Util.php(43): Illuminate\\Container\\BoundMethod::{closure:Illuminate\\Container\\BoundMethod::call():35}()
#20 /var/www/html/vendor/laravel/framework/src/Illuminate/Container/BoundMethod.php(96): Illuminate\\Container\\Util::unwrapIfClosure()
#21 /var/www/html/vendor/laravel/framework/src/Illuminate/Container/BoundMethod.php(35): Illuminate\\Container\\BoundMethod::callBoundMethod()
#22 /var/www/html/vendor/laravel/framework/src/Illuminate/Container/Container.php(799): Illuminate\\Container\\BoundMethod::call()
#23 /var/www/html/vendor/laravel/framework/src/Illuminate/Console/Command.php(280): Illuminate\\Container\\Container->call()
#24 /var/www/html/vendor/symfony/console/Command/Command.php(291): Illuminate\\Console\\Command->execute()
#25 /var/www/html/vendor/laravel/framework/src/Illuminate/Console/Command.php(249): Symfony\\Component\\Console\\Command\\Command->run()
#26 /var/www/html/vendor/laravel/framework/src/Illuminate/Console/Concerns/CallsCommands.php(68): Illuminate\\Console\\Command->run()
#27 /var/www/html/vendor/laravel/framework/src/Illuminate/Console/Concerns/CallsCommands.php(29): Illuminate\\Console\\Command->runCommand()
#28 /var/www/html/vendor/laravel/framework/src/Illuminate/Database/Console/Migrations/FreshCommand.php(128): Illuminate\\Console\\Command->call()
#29 /var/www/html/vendor/laravel/framework/src/Illuminate/Database/Console/Migrations/FreshCommand.php(104): Illuminate\\Database\\Console\\Migrations\\FreshCommand->runSeeder()
#30 /var/www/html/vendor/laravel/framework/src/Illuminate/Container/BoundMethod.php(36): Illuminate\\Database\\Console\\Migrations\\FreshCommand->handle()
#31 /var/www/html/vendor/laravel/framework/src/Illuminate/Container/Util.php(43): Illuminate\\Container\\BoundMethod::{closure:Illuminate\\Container\\BoundMethod::call():35}()
#32 /var/www/html/vendor/laravel/framework/src/Illuminate/Container/BoundMethod.php(96): Illuminate\\Container\\Util::unwrapIfClosure()
#33 /var/www/html/vendor/laravel/framework/src/Illuminate/Container/BoundMethod.php(35): Illuminate\\Container\\BoundMethod::callBoundMethod()
#34 /var/www/html/vendor/laravel/framework/src/Illuminate/Container/Container.php(799): Illuminate\\Container\\BoundMethod::call()
#35 /var/www/html/vendor/laravel/framework/src/Illuminate/Console/Command.php(280): Illuminate\\Container\\Container->call()
#36 /var/www/html/vendor/symfony/console/Command/Command.php(291): Illuminate\\Console\\Command->execute()
#37 /var/www/html/vendor/laravel/framework/src/Illuminate/Console/Command.php(249): Symfony\\Component\\Console\\Command\\Command->run()
#38 /var/www/html/vendor/symfony/console/Application.php(1107): Illuminate\\Console\\Command->run()
#39 /var/www/html/vendor/symfony/console/Application.php(356): Symfony\\Component\\Console\\Application->doRunCommand()
#40 /var/www/html/vendor/symfony/console/Application.php(195): Symfony\\Component\\Console\\Application->doRun()
#41 /var/www/html/vendor/laravel/framework/src/Illuminate/Foundation/Console/Kernel.php(198): Symfony\\Component\\Console\\Application->run()
#42 /var/www/html/vendor/laravel/framework/src/Illuminate/Foundation/Application.php(1235): Illuminate\\Foundation\\Console\\Kernel->handle()
#43 /var/www/html/artisan(16): Illuminate\\Foundation\\Application->handleCommand()
#44 {main}
"} 
[2026-05-13 10:41:53] local.ERROR: Target class [Database\Seeders\DatasetSeeder] does not exist. {"exception":"[object] (Illuminate\\Contracts\\Container\\BindingResolutionException(code: 0): Target class [Database\\Seeders\\DatasetSeeder] does not exist. at /var/www/html/vendor/laravel/framework/src/Illuminate/Container/Container.php:1127)
[stacktrace]
#0 /var/www/html/vendor/laravel/framework/src/Illuminate/Container/Container.php(936): Illuminate\\Container\\Container->build()
#1 /var/www/html/vendor/laravel/framework/src/Illuminate/Foundation/Application.php(1078): Illuminate\\Container\\Container->resolve()
#2 /var/www/html/vendor/laravel/framework/src/Illuminate/Container/Container.php(864): Illuminate\\Foundation\\Application->resolve()
#3 /var/www/html/vendor/laravel/framework/src/Illuminate/Foundation/Application.php(1058): Illuminate\\Container\\Container->make()
#4 /var/www/html/vendor/laravel/framework/src/Illuminate/Database/Seeder.php(129): Illuminate\\Foundation\\Application->make()
#5 /var/www/html/vendor/laravel/framework/src/Illuminate/Database/Seeder.php(48): Illuminate\\Database\\Seeder->resolve()
#6 /var/www/html/database/seeders/DatabaseSeeder.php(85): Illuminate\\Database\\Seeder->call()
#7 /var/www/html/vendor/laravel/framework/src/Illuminate/Container/BoundMethod.php(36): Database\\Seeders\\DatabaseSeeder->run()
#8 /var/www/html/vendor/laravel/framework/src/Illuminate/Container/Util.php(43): Illuminate\\Container\\BoundMethod::{closure:Illuminate\\Container\\BoundMethod::call():35}()
#9 /var/www/html/vendor/laravel/framework/src/Illuminate/Container/BoundMethod.php(96): Illuminate\\Container\\Util::unwrapIfClosure()
#10 /var/www/html/vendor/laravel/framework/src/Illuminate/Container/BoundMethod.php(35): Illuminate\\Container\\BoundMethod::callBoundMethod()
#11 /var/www/html/vendor/laravel/framework/src/Illuminate/Container/Container.php(799): Illuminate\\Container\\BoundMethod::call()
#12 /var/www/html/vendor/laravel/framework/src/Illuminate/Database/Seeder.php(184): Illuminate\\Container\\Container->call()
#13 /var/www/html/vendor/laravel/framework/src/Illuminate/Database/Seeder.php(191): Illuminate\\Database\\Seeder->{closure:Illuminate\\Database\\Seeder::__invoke():183}()
#14 /var/www/html/vendor/laravel/framework/src/Illuminate/Database/Console/Seeds/SeedCommand.php(71): Illuminate\\Database\\Seeder->__invoke()
#15 /var/www/html/vendor/laravel/framework/src/Illuminate/Database/Eloquent/Concerns/GuardsAttributes.php(181): Illuminate\\Database\\Console\\Seeds\\SeedCommand->{closure:Illuminate\\Database\\Console\\Seeds\\SeedCommand::handle():70}()
#16 /var/www/html/vendor/laravel/framework/src/Illuminate/Database/Console/Seeds/SeedCommand.php(70): Illuminate\\Database\\Eloquent\\Model::unguarded()
#17 /var/www/html/vendor/laravel/framework/src/Illuminate/Container/BoundMethod.php(36): Illuminate\\Database\\Console\\Seeds\\SeedCommand->handle()
#18 /var/www/html/vendor/laravel/framework/src/Illuminate/Container/Util.php(43): Illuminate\\Container\\BoundMethod::{closure:Illuminate\\Container\\BoundMethod::call():35}()
#19 /var/www/html/vendor/laravel/framework/src/Illuminate/Container/BoundMethod.php(96): Illuminate\\Container\\Util::unwrapIfClosure()
#20 /var/www/html/vendor/laravel/framework/src/Illuminate/Container/BoundMethod.php(35): Illuminate\\Container\\BoundMethod::callBoundMethod()
#21 /var/www/html/vendor/laravel/framework/src/Illuminate/Container/Container.php(799): Illuminate\\Container\\BoundMethod::call()
#22 /var/www/html/vendor/laravel/framework/src/Illuminate/Console/Command.php(280): Illuminate\\Container\\Container->call()
#23 /var/www/html/vendor/symfony/console/Command/Command.php(291): Illuminate\\Console\\Command->execute()
#24 /var/www/html/vendor/laravel/framework/src/Illuminate/Console/Command.php(249): Symfony\\Component\\Console\\Command\\Command->run()
#25 /var/www/html/vendor/laravel/framework/src/Illuminate/Console/Concerns/CallsCommands.php(68): Illuminate\\Console\\Command->run()
#26 /var/www/html/vendor/laravel/framework/src/Illuminate/Console/Concerns/CallsCommands.php(29): Illuminate\\Console\\Command->runCommand()
#27 /var/www/html/vendor/laravel/framework/src/Illuminate/Database/Console/Migrations/FreshCommand.php(128): Illuminate\\Console\\Command->call()
#28 /var/www/html/vendor/laravel/framework/src/Illuminate/Database/Console/Migrations/FreshCommand.php(104): Illuminate\\Database\\Console\\Migrations\\FreshCommand->runSeeder()
#29 /var/www/html/vendor/laravel/framework/src/Illuminate/Container/BoundMethod.php(36): Illuminate\\Database\\Console\\Migrations\\FreshCommand->handle()
#30 /var/www/html/vendor/laravel/framework/src/Illuminate/Container/Util.php(43): Illuminate\\Container\\BoundMethod::{closure:Illuminate\\Container\\BoundMethod::call():35}()
#31 /var/www/html/vendor/laravel/framework/src/Illuminate/Container/BoundMethod.php(96): Illuminate\\Container\\Util::unwrapIfClosure()
#32 /var/www/html/vendor/laravel/framework/src/Illuminate/Container/BoundMethod.php(35): Illuminate\\Container\\BoundMethod::callBoundMethod()
#33 /var/www/html/vendor/laravel/framework/src/Illuminate/Container/Container.php(799): Illuminate\\Container\\BoundMethod::call()
#34 /var/www/html/vendor/laravel/framework/src/Illuminate/Console/Command.php(280): Illuminate\\Container\\Container->call()
#35 /var/www/html/vendor/symfony/console/Command/Command.php(291): Illuminate\\Console\\Command->execute()
#36 /var/www/html/vendor/laravel/framework/src/Illuminate/Console/Command.php(249): Symfony\\Component\\Console\\Command\\Command->run()
#37 /var/www/html/vendor/symfony/console/Application.php(1107): Illuminate\\Console\\Command->run()
#38 /var/www/html/vendor/symfony/console/Application.php(356): Symfony\\Component\\Console\\Application->doRunCommand()
#39 /var/www/html/vendor/symfony/console/Application.php(195): Symfony\\Component\\Console\\Application->doRun()
#40 /var/www/html/vendor/laravel/framework/src/Illuminate/Foundation/Console/Kernel.php(198): Symfony\\Component\\Console\\Application->run()
#41 /var/www/html/vendor/laravel/framework/src/Illuminate/Foundation/Application.php(1235): Illuminate\\Foundation\\Console\\Kernel->handle()
#42 /var/www/html/artisan(16): Illuminate\\Foundation\\Application->handleCommand()
#43 {main}

[previous exception] [object] (ReflectionException(code: -1): Class \"Database\\Seeders\\DatasetSeeder\" does not exist at /var/www/html/vendor/laravel/framework/src/Illuminate/Container/Container.php:1125)
[stacktrace]
#0 /var/www/html/vendor/laravel/framework/src/Illuminate/Container/Container.php(1125): ReflectionClass->__construct()
#1 /var/www/html/vendor/laravel/framework/src/Illuminate/Container/Container.php(936): Illuminate\\Container\\Container->build()
#2 /var/www/html/vendor/laravel/framework/src/Illuminate/Foundation/Application.php(1078): Illuminate\\Container\\Container->resolve()
#3 /var/www/html/vendor/laravel/framework/src/Illuminate/Container/Container.php(864): Illuminate\\Foundation\\Application->resolve()
#4 /var/www/html/vendor/laravel/framework/src/Illuminate/Foundation/Application.php(1058): Illuminate\\Container\\Container->make()
#5 /var/www/html/vendor/laravel/framework/src/Illuminate/Database/Seeder.php(129): Illuminate\\Foundation\\Application->make()
#6 /var/www/html/vendor/laravel/framework/src/Illuminate/Database/Seeder.php(48): Illuminate\\Database\\Seeder->resolve()
#7 /var/www/html/database/seeders/DatabaseSeeder.php(85): Illuminate\\Database\\Seeder->call()
#8 /var/www/html/vendor/laravel/framework/src/Illuminate/Container/BoundMethod.php(36): Database\\Seeders\\DatabaseSeeder->run()
#9 /var/www/html/vendor/laravel/framework/src/Illuminate/Container/Util.php(43): Illuminate\\Container\\BoundMethod::{closure:Illuminate\\Container\\BoundMethod::call():35}()
#10 /var/www/html/vendor/laravel/framework/src/Illuminate/Container/BoundMethod.php(96): Illuminate\\Container\\Util::unwrapIfClosure()
#11 /var/www/html/vendor/laravel/framework/src/Illuminate/Container/BoundMethod.php(35): Illuminate\\Container\\BoundMethod::callBoundMethod()
#12 /var/www/html/vendor/laravel/framework/src/Illuminate/Container/Container.php(799): Illuminate\\Container\\BoundMethod::call()
#13 /var/www/html/vendor/laravel/framework/src/Illuminate/Database/Seeder.php(184): Illuminate\\Container\\Container->call()
#14 /var/www/html/vendor/laravel/framework/src/Illuminate/Database/Seeder.php(191): Illuminate\\Database\\Seeder->{closure:Illuminate\\Database\\Seeder::__invoke():183}()
#15 /var/www/html/vendor/laravel/framework/src/Illuminate/Database/Console/Seeds/SeedCommand.php(71): Illuminate\\Database\\Seeder->__invoke()
#16 /var/www/html/vendor/laravel/framework/src/Illuminate/Database/Eloquent/Concerns/GuardsAttributes.php(181): Illuminate\\Database\\Console\\Seeds\\SeedCommand->{closure:Illuminate\\Database\\Console\\Seeds\\SeedCommand::handle():70}()
#17 /var/www/html/vendor/laravel/framework/src/Illuminate/Database/Console/Seeds/SeedCommand.php(70): Illuminate\\Database\\Eloquent\\Model::unguarded()
#18 /var/www/html/vendor/laravel/framework/src/Illuminate/Container/BoundMethod.php(36): Illuminate\\Database\\Console\\Seeds\\SeedCommand->handle()
#19 /var/www/html/vendor/laravel/framework/src/Illuminate/Container/Util.php(43): Illuminate\\Container\\BoundMethod::{closure:Illuminate\\Container\\BoundMethod::call():35}()
#20 /var/www/html/vendor/laravel/framework/src/Illuminate/Container/BoundMethod.php(96): Illuminate\\Container\\Util::unwrapIfClosure()
#21 /var/www/html/vendor/laravel/framework/src/Illuminate/Container/BoundMethod.php(35): Illuminate\\Container\\BoundMethod::callBoundMethod()
#22 /var/www/html/vendor/laravel/framework/src/Illuminate/Container/Container.php(799): Illuminate\\Container\\BoundMethod::call()
#23 /var/www/html/vendor/laravel/framework/src/Illuminate/Console/Command.php(280): Illuminate\\Container\\Container->call()
#24 /var/www/html/vendor/symfony/console/Command/Command.php(291): Illuminate\\Console\\Command->execute()
#25 /var/www/html/vendor/laravel/framework/src/Illuminate/Console/Command.php(249): Symfony\\Component\\Console\\Command\\Command->run()
#26 /var/www/html/vendor/laravel/framework/src/Illuminate/Console/Concerns/CallsCommands.php(68): Illuminate\\Console\\Command->run()
#27 /var/www/html/vendor/laravel/framework/src/Illuminate/Console/Concerns/CallsCommands.php(29): Illuminate\\Console\\Command->runCommand()
#28 /var/www/html/vendor/laravel/framework/src/Illuminate/Database/Console/Migrations/FreshCommand.php(128): Illuminate\\Console\\Command->call()
#29 /var/www/html/vendor/laravel/framework/src/Illuminate/Database/Console/Migrations/FreshCommand.php(104): Illuminate\\Database\\Console\\Migrations\\FreshCommand->runSeeder()
#30 /var/www/html/vendor/laravel/framework/src/Illuminate/Container/BoundMethod.php(36): Illuminate\\Database\\Console\\Migrations\\FreshCommand->handle()
#31 /var/www/html/vendor/laravel/framework/src/Illuminate/Container/Util.php(43): Illuminate\\Container\\BoundMethod::{closure:Illuminate\\Container\\BoundMethod::call():35}()
#32 /var/www/html/vendor/laravel/framework/src/Illuminate/Container/BoundMethod.php(96): Illuminate\\Container\\Util::unwrapIfClosure()
#33 /var/www/html/vendor/laravel/framework/src/Illuminate/Container/BoundMethod.php(35): Illuminate\\Container\\BoundMethod::callBoundMethod()
#34 /var/www/html/vendor/laravel/framework/src/Illuminate/Container/Container.php(799): Illuminate\\Container\\BoundMethod::call()
#35 /var/www/html/vendor/laravel/framework/src/Illuminate/Console/Command.php(280): Illuminate\\Container\\Container->call()
#36 /var/www/html/vendor/symfony/console/Command/Command.php(291): Illuminate\\Console\\Command->execute()
#37 /var/www/html/vendor/laravel/framework/src/Illuminate/Console/Command.php(249): Symfony\\Component\\Console\\Command\\Command->run()
#38 /var/www/html/vendor/symfony/console/Application.php(1107): Illuminate\\Console\\Command->run()
#39 /var/www/html/vendor/symfony/console/Application.php(356): Symfony\\Component\\Console\\Application->doRunCommand()
#40 /var/www/html/vendor/symfony/console/Application.php(195): Symfony\\Component\\Console\\Application->doRun()
#41 /var/www/html/vendor/laravel/framework/src/Illuminate/Foundation/Console/Kernel.php(198): Symfony\\Component\\Console\\Application->run()
#42 /var/www/html/vendor/laravel/framework/src/Illuminate/Foundation/Application.php(1235): Illuminate\\Foundation\\Console\\Kernel->handle()
#43 /var/www/html/artisan(16): Illuminate\\Foundation\\Application->handleCommand()
#44 {main}
"} 
[2026-05-13 11:58:06] local.ERROR: Class "App\Http\Controllers\Product" does not exist {"exception":"[object] (ReflectionException(code: -1): Class \"App\\Http\\Controllers\\Product\" does not exist at /var/www/html/vendor/laravel/framework/src/Illuminate/Routing/ResolvesRouteDependencies.php:88)
[stacktrace]
#0 /var/www/html/vendor/laravel/framework/src/Illuminate/Routing/ResolvesRouteDependencies.php(88): ReflectionClass->__construct()
#1 /var/www/html/vendor/laravel/framework/src/Illuminate/Routing/ResolvesRouteDependencies.php(51): Illuminate\\Routing\\ControllerDispatcher->transformDependency()
#2 /var/www/html/vendor/laravel/framework/src/Illuminate/Routing/ResolvesRouteDependencies.php(30): Illuminate\\Routing\\ControllerDispatcher->resolveMethodDependencies()
#3 /var/www/html/vendor/laravel/framework/src/Illuminate/Routing/ControllerDispatcher.php(59): Illuminate\\Routing\\ControllerDispatcher->resolveClassMethodDependencies()
#4 /var/www/html/vendor/laravel/framework/src/Illuminate/Routing/ControllerDispatcher.php(40): Illuminate\\Routing\\ControllerDispatcher->resolveParameters()
#5 /var/www/html/vendor/laravel/framework/src/Illuminate/Routing/Route.php(269): Illuminate\\Routing\\ControllerDispatcher->dispatch()
#6 /var/www/html/vendor/laravel/framework/src/Illuminate/Routing/Route.php(215): Illuminate\\Routing\\Route->runController()
#7 /var/www/html/vendor/laravel/framework/src/Illuminate/Routing/Router.php(822): Illuminate\\Routing\\Route->run()
#8 /var/www/html/vendor/laravel/framework/src/Illuminate/Pipeline/Pipeline.php(180): Illuminate\\Routing\\Router->{closure:Illuminate\\Routing\\Router::runRouteWithinStack():821}()
#9 /var/www/html/vendor/laravel/framework/src/Illuminate/Routing/Middleware/SubstituteBindings.php(52): Illuminate\\Pipeline\\Pipeline->{closure:Illuminate\\Pipeline\\Pipeline::prepareDestination():178}()
#10 /var/www/html/vendor/laravel/framework/src/Illuminate/Pipeline/Pipeline.php(219): Illuminate\\Routing\\Middleware\\SubstituteBindings->handle()
#11 /var/www/html/vendor/laravel/framework/src/Illuminate/Foundation/Http/Middleware/PreventRequestForgery.php(104): Illuminate\\Pipeline\\Pipeline->{closure:{closure:Illuminate\\Pipeline\\Pipeline::carry():194}:195}()
#12 /var/www/html/vendor/laravel/framework/src/Illuminate/Pipeline/Pipeline.php(219): Illuminate\\Foundation\\Http\\Middleware\\PreventRequestForgery->handle()
#13 /var/www/html/vendor/laravel/framework/src/Illuminate/View/Middleware/ShareErrorsFromSession.php(48): Illuminate\\Pipeline\\Pipeline->{closure:{closure:Illuminate\\Pipeline\\Pipeline::carry():194}:195}()
#14 /var/www/html/vendor/laravel/framework/src/Illuminate/Pipeline/Pipeline.php(219): Illuminate\\View\\Middleware\\ShareErrorsFromSession->handle()
#15 /var/www/html/vendor/laravel/framework/src/Illuminate/Session/Middleware/StartSession.php(120): Illuminate\\Pipeline\\Pipeline->{closure:{closure:Illuminate\\Pipeline\\Pipeline::carry():194}:195}()
#16 /var/www/html/vendor/laravel/framework/src/Illuminate/Session/Middleware/StartSession.php(63): Illuminate\\Session\\Middleware\\StartSession->handleStatefulRequest()
#17 /var/www/html/vendor/laravel/framework/src/Illuminate/Pipeline/Pipeline.php(219): Illuminate\\Session\\Middleware\\StartSession->handle()
#18 /var/www/html/vendor/laravel/framework/src/Illuminate/Cookie/Middleware/AddQueuedCookiesToResponse.php(36): Illuminate\\Pipeline\\Pipeline->{closure:{closure:Illuminate\\Pipeline\\Pipeline::carry():194}:195}()
#19 /var/www/html/vendor/laravel/framework/src/Illuminate/Pipeline/Pipeline.php(219): Illuminate\\Cookie\\Middleware\\AddQueuedCookiesToResponse->handle()
#20 /var/www/html/vendor/laravel/framework/src/Illuminate/Cookie/Middleware/EncryptCookies.php(74): Illuminate\\Pipeline\\Pipeline->{closure:{closure:Illuminate\\Pipeline\\Pipeline::carry():194}:195}()
#21 /var/www/html/vendor/laravel/framework/src/Illuminate/Pipeline/Pipeline.php(219): Illuminate\\Cookie\\Middleware\\EncryptCookies->handle()
#22 /var/www/html/vendor/laravel/framework/src/Illuminate/Pipeline/Pipeline.php(137): Illuminate\\Pipeline\\Pipeline->{closure:{closure:Illuminate\\Pipeline\\Pipeline::carry():194}:195}()
#23 /var/www/html/vendor/laravel/framework/src/Illuminate/Routing/Router.php(821): Illuminate\\Pipeline\\Pipeline->then()
#24 /var/www/html/vendor/laravel/framework/src/Illuminate/Routing/Router.php(800): Illuminate\\Routing\\Router->runRouteWithinStack()
#25 /var/www/html/vendor/laravel/framework/src/Illuminate/Routing/Router.php(764): Illuminate\\Routing\\Router->runRoute()
#26 /var/www/html/vendor/laravel/framework/src/Illuminate/Routing/Router.php(753): Illuminate\\Routing\\Router->dispatchToRoute()
#27 /var/www/html/vendor/laravel/framework/src/Illuminate/Foundation/Http/Kernel.php(200): Illuminate\\Routing\\Router->dispatch()
#28 /var/www/html/vendor/laravel/framework/src/Illuminate/Pipeline/Pipeline.php(180): Illuminate\\Foundation\\Http\\Kernel->{closure:Illuminate\\Foundation\\Http\\Kernel::dispatchToRouter():197}()
#29 /var/www/html/vendor/laravel/framework/src/Illuminate/Foundation/Http/Middleware/TransformsRequest.php(21): Illuminate\\Pipeline\\Pipeline->{closure:Illuminate\\Pipeline\\Pipeline::prepareDestination():178}()
#30 /var/www/html/vendor/laravel/framework/src/Illuminate/Foundation/Http/Middleware/ConvertEmptyStringsToNull.php(31): Illuminate\\Foundation\\Http\\Middleware\\TransformsRequest->handle()
#31 /var/www/html/vendor/laravel/framework/src/Illuminate/Pipeline/Pipeline.php(219): Illuminate\\Foundation\\Http\\Middleware\\ConvertEmptyStringsToNull->handle()
#32 /var/www/html/vendor/laravel/framework/src/Illuminate/Foundation/Http/Middleware/TransformsRequest.php(21): Illuminate\\Pipeline\\Pipeline->{closure:{closure:Illuminate\\Pipeline\\Pipeline::carry():194}:195}()
#33 /var/www/html/vendor/laravel/framework/src/Illuminate/Foundation/Http/Middleware/TrimStrings.php(51): Illuminate\\Foundation\\Http\\Middleware\\TransformsRequest->handle()
#34 /var/www/html/vendor/laravel/framework/src/Illuminate/Pipeline/Pipeline.php(219): Illuminate\\Foundation\\Http\\Middleware\\TrimStrings->handle()
#35 /var/www/html/vendor/laravel/framework/src/Illuminate/Http/Middleware/ValidatePostSize.php(27): Illuminate\\Pipeline\\Pipeline->{closure:{closure:Illuminate\\Pipeline\\Pipeline::carry():194}:195}()
#36 /var/www/html/vendor/laravel/framework/src/Illuminate/Pipeline/Pipeline.php(219): Illuminate\\Http\\Middleware\\ValidatePostSize->handle()
#37 /var/www/html/vendor/laravel/framework/src/Illuminate/Foundation/Http/Middleware/PreventRequestsDuringMaintenance.php(109): Illuminate\\Pipeline\\Pipeline->{closure:{closure:Illuminate\\Pipeline\\Pipeline::carry():194}:195}()
#38 /var/www/html/vendor/laravel/framework/src/Illuminate/Pipeline/Pipeline.php(219): Illuminate\\Foundation\\Http\\Middleware\\PreventRequestsDuringMaintenance->handle()
#39 /var/www/html/vendor/laravel/framework/src/Illuminate/Http/Middleware/HandleCors.php(61): Illuminate\\Pipeline\\Pipeline->{closure:{closure:Illuminate\\Pipeline\\Pipeline::carry():194}:195}()
#40 /var/www/html/vendor/laravel/framework/src/Illuminate/Pipeline/Pipeline.php(219): Illuminate\\Http\\Middleware\\HandleCors->handle()
#41 /var/www/html/vendor/laravel/framework/src/Illuminate/Http/Middleware/TrustProxies.php(58): Illuminate\\Pipeline\\Pipeline->{closure:{closure:Illuminate\\Pipeline\\Pipeline::carry():194}:195}()
#42 /var/www/html/vendor/laravel/framework/src/Illuminate/Pipeline/Pipeline.php(219): Illuminate\\Http\\Middleware\\TrustProxies->handle()
#43 /var/www/html/vendor/laravel/framework/src/Illuminate/Foundation/Http/Middleware/InvokeDeferredCallbacks.php(22): Illuminate\\Pipeline\\Pipeline->{closure:{closure:Illuminate\\Pipeline\\Pipeline::carry():194}:195}()
#44 /var/www/html/vendor/laravel/framework/src/Illuminate/Pipeline/Pipeline.php(219): Illuminate\\Foundation\\Http\\Middleware\\InvokeDeferredCallbacks->handle()
#45 /var/www/html/vendor/laravel/framework/src/Illuminate/Http/Middleware/ValidatePathEncoding.php(28): Illuminate\\Pipeline\\Pipeline->{closure:{closure:Illuminate\\Pipeline\\Pipeline::carry():194}:195}()
#46 /var/www/html/vendor/laravel/framework/src/Illuminate/Pipeline/Pipeline.php(219): Illuminate\\Http\\Middleware\\ValidatePathEncoding->handle()
#47 /var/www/html/vendor/laravel/framework/src/Illuminate/Pipeline/Pipeline.php(137): Illuminate\\Pipeline\\Pipeline->{closure:{closure:Illuminate\\Pipeline\\Pipeline::carry():194}:195}()
#48 /var/www/html/vendor/laravel/framework/src/Illuminate/Foundation/Http/Kernel.php(175): Illuminate\\Pipeline\\Pipeline->then()
#49 /var/www/html/vendor/laravel/framework/src/Illuminate/Foundation/Http/Kernel.php(144): Illuminate\\Foundation\\Http\\Kernel->sendRequestThroughRouter()
#50 /var/www/html/vendor/laravel/framework/src/Illuminate/Foundation/Application.php(1220): Illuminate\\Foundation\\Http\\Kernel->handle()
#51 /var/www/html/public/index.php(20): Illuminate\\Foundation\\Application->handleRequest()
#52 /var/www/html/vendor/laravel/framework/src/Illuminate/Foundation/resources/server.php(23): require_once('...')
#53 {main}
"} 
[2026-05-13 11:58:34] local.ERROR: Class "App\Http\Controllers\Product" does not exist {"exception":"[object] (ReflectionException(code: -1): Class \"App\\Http\\Controllers\\Product\" does not exist at /var/www/html/vendor/laravel/framework/src/Illuminate/Routing/ResolvesRouteDependencies.php:88)
[stacktrace]
#0 /var/www/html/vendor/laravel/framework/src/Illuminate/Routing/ResolvesRouteDependencies.php(88): ReflectionClass->__construct()
#1 /var/www/html/vendor/laravel/framework/src/Illuminate/Routing/ResolvesRouteDependencies.php(51): Illuminate\\Routing\\ControllerDispatcher->transformDependency()
#2 /var/www/html/vendor/laravel/framework/src/Illuminate/Routing/ResolvesRouteDependencies.php(30): Illuminate\\Routing\\ControllerDispatcher->resolveMethodDependencies()
#3 /var/www/html/vendor/laravel/framework/src/Illuminate/Routing/ControllerDispatcher.php(59): Illuminate\\Routing\\ControllerDispatcher->resolveClassMethodDependencies()
#4 /var/www/html/vendor/laravel/framework/src/Illuminate/Routing/ControllerDispatcher.php(40): Illuminate\\Routing\\ControllerDispatcher->resolveParameters()
#5 /var/www/html/vendor/laravel/framework/src/Illuminate/Routing/Route.php(269): Illuminate\\Routing\\ControllerDispatcher->dispatch()
#6 /var/www/html/vendor/laravel/framework/src/Illuminate/Routing/Route.php(215): Illuminate\\Routing\\Route->runController()
#7 /var/www/html/vendor/laravel/framework/src/Illuminate/Routing/Router.php(822): Illuminate\\Routing\\Route->run()
#8 /var/www/html/vendor/laravel/framework/src/Illuminate/Pipeline/Pipeline.php(180): Illuminate\\Routing\\Router->{closure:Illuminate\\Routing\\Router::runRouteWithinStack():821}()
#9 /var/www/html/vendor/laravel/framework/src/Illuminate/Routing/Middleware/SubstituteBindings.php(52): Illuminate\\Pipeline\\Pipeline->{closure:Illuminate\\Pipeline\\Pipeline::prepareDestination():178}()
#10 /var/www/html/vendor/laravel/framework/src/Illuminate/Pipeline/Pipeline.php(219): Illuminate\\Routing\\Middleware\\SubstituteBindings->handle()
#11 /var/www/html/vendor/laravel/framework/src/Illuminate/Foundation/Http/Middleware/PreventRequestForgery.php(104): Illuminate\\Pipeline\\Pipeline->{closure:{closure:Illuminate\\Pipeline\\Pipeline::carry():194}:195}()
#12 /var/www/html/vendor/laravel/framework/src/Illuminate/Pipeline/Pipeline.php(219): Illuminate\\Foundation\\Http\\Middleware\\PreventRequestForgery->handle()
#13 /var/www/html/vendor/laravel/framework/src/Illuminate/View/Middleware/ShareErrorsFromSession.php(48): Illuminate\\Pipeline\\Pipeline->{closure:{closure:Illuminate\\Pipeline\\Pipeline::carry():194}:195}()
#14 /var/www/html/vendor/laravel/framework/src/Illuminate/Pipeline/Pipeline.php(219): Illuminate\\View\\Middleware\\ShareErrorsFromSession->handle()
#15 /var/www/html/vendor/laravel/framework/src/Illuminate/Session/Middleware/StartSession.php(120): Illuminate\\Pipeline\\Pipeline->{closure:{closure:Illuminate\\Pipeline\\Pipeline::carry():194}:195}()
#16 /var/www/html/vendor/laravel/framework/src/Illuminate/Session/Middleware/StartSession.php(63): Illuminate\\Session\\Middleware\\StartSession->handleStatefulRequest()
#17 /var/www/html/vendor/laravel/framework/src/Illuminate/Pipeline/Pipeline.php(219): Illuminate\\Session\\Middleware\\StartSession->handle()
#18 /var/www/html/vendor/laravel/framework/src/Illuminate/Cookie/Middleware/AddQueuedCookiesToResponse.php(36): Illuminate\\Pipeline\\Pipeline->{closure:{closure:Illuminate\\Pipeline\\Pipeline::carry():194}:195}()
#19 /var/www/html/vendor/laravel/framework/src/Illuminate/Pipeline/Pipeline.php(219): Illuminate\\Cookie\\Middleware\\AddQueuedCookiesToResponse->handle()
#20 /var/www/html/vendor/laravel/framework/src/Illuminate/Cookie/Middleware/EncryptCookies.php(74): Illuminate\\Pipeline\\Pipeline->{closure:{closure:Illuminate\\Pipeline\\Pipeline::carry():194}:195}()
#21 /var/www/html/vendor/laravel/framework/src/Illuminate/Pipeline/Pipeline.php(219): Illuminate\\Cookie\\Middleware\\EncryptCookies->handle()
#22 /var/www/html/vendor/laravel/framework/src/Illuminate/Pipeline/Pipeline.php(137): Illuminate\\Pipeline\\Pipeline->{closure:{closure:Illuminate\\Pipeline\\Pipeline::carry():194}:195}()
#23 /var/www/html/vendor/laravel/framework/src/Illuminate/Routing/Router.php(821): Illuminate\\Pipeline\\Pipeline->then()
#24 /var/www/html/vendor/laravel/framework/src/Illuminate/Routing/Router.php(800): Illuminate\\Routing\\Router->runRouteWithinStack()
#25 /var/www/html/vendor/laravel/framework/src/Illuminate/Routing/Router.php(764): Illuminate\\Routing\\Router->runRoute()
#26 /var/www/html/vendor/laravel/framework/src/Illuminate/Routing/Router.php(753): Illuminate\\Routing\\Router->dispatchToRoute()
#27 /var/www/html/vendor/laravel/framework/src/Illuminate/Foundation/Http/Kernel.php(200): Illuminate\\Routing\\Router->dispatch()
#28 /var/www/html/vendor/laravel/framework/src/Illuminate/Pipeline/Pipeline.php(180): Illuminate\\Foundation\\Http\\Kernel->{closure:Illuminate\\Foundation\\Http\\Kernel::dispatchToRouter():197}()
#29 /var/www/html/vendor/laravel/framework/src/Illuminate/Foundation/Http/Middleware/TransformsRequest.php(21): Illuminate\\Pipeline\\Pipeline->{closure:Illuminate\\Pipeline\\Pipeline::prepareDestination():178}()
#30 /var/www/html/vendor/laravel/framework/src/Illuminate/Foundation/Http/Middleware/ConvertEmptyStringsToNull.php(31): Illuminate\\Foundation\\Http\\Middleware\\TransformsRequest->handle()
#31 /var/www/html/vendor/laravel/framework/src/Illuminate/Pipeline/Pipeline.php(219): Illuminate\\Foundation\\Http\\Middleware\\ConvertEmptyStringsToNull->handle()
#32 /var/www/html/vendor/laravel/framework/src/Illuminate/Foundation/Http/Middleware/TransformsRequest.php(21): Illuminate\\Pipeline\\Pipeline->{closure:{closure:Illuminate\\Pipeline\\Pipeline::carry():194}:195}()
#33 /var/www/html/vendor/laravel/framework/src/Illuminate/Foundation/Http/Middleware/TrimStrings.php(51): Illuminate\\Foundation\\Http\\Middleware\\TransformsRequest->handle()
#34 /var/www/html/vendor/laravel/framework/src/Illuminate/Pipeline/Pipeline.php(219): Illuminate\\Foundation\\Http\\Middleware\\TrimStrings->handle()
#35 /var/www/html/vendor/laravel/framework/src/Illuminate/Http/Middleware/ValidatePostSize.php(27): Illuminate\\Pipeline\\Pipeline->{closure:{closure:Illuminate\\Pipeline\\Pipeline::carry():194}:195}()
#36 /var/www/html/vendor/laravel/framework/src/Illuminate/Pipeline/Pipeline.php(219): Illuminate\\Http\\Middleware\\ValidatePostSize->handle()
#37 /var/www/html/vendor/laravel/framework/src/Illuminate/Foundation/Http/Middleware/PreventRequestsDuringMaintenance.php(109): Illuminate\\Pipeline\\Pipeline->{closure:{closure:Illuminate\\Pipeline\\Pipeline::carry():194}:195}()
#38 /var/www/html/vendor/laravel/framework/src/Illuminate/Pipeline/Pipeline.php(219): Illuminate\\Foundation\\Http\\Middleware\\PreventRequestsDuringMaintenance->handle()
#39 /var/www/html/vendor/laravel/framework/src/Illuminate/Http/Middleware/HandleCors.php(61): Illuminate\\Pipeline\\Pipeline->{closure:{closure:Illuminate\\Pipeline\\Pipeline::carry():194}:195}()
#40 /var/www/html/vendor/laravel/framework/src/Illuminate/Pipeline/Pipeline.php(219): Illuminate\\Http\\Middleware\\HandleCors->handle()
#41 /var/www/html/vendor/laravel/framework/src/Illuminate/Http/Middleware/TrustProxies.php(58): Illuminate\\Pipeline\\Pipeline->{closure:{closure:Illuminate\\Pipeline\\Pipeline::carry():194}:195}()
#42 /var/www/html/vendor/laravel/framework/src/Illuminate/Pipeline/Pipeline.php(219): Illuminate\\Http\\Middleware\\TrustProxies->handle()
#43 /var/www/html/vendor/laravel/framework/src/Illuminate/Foundation/Http/Middleware/InvokeDeferredCallbacks.php(22): Illuminate\\Pipeline\\Pipeline->{closure:{closure:Illuminate\\Pipeline\\Pipeline::carry():194}:195}()
#44 /var/www/html/vendor/laravel/framework/src/Illuminate/Pipeline/Pipeline.php(219): Illuminate\\Foundation\\Http\\Middleware\\InvokeDeferredCallbacks->handle()
#45 /var/www/html/vendor/laravel/framework/src/Illuminate/Http/Middleware/ValidatePathEncoding.php(28): Illuminate\\Pipeline\\Pipeline->{closure:{closure:Illuminate\\Pipeline\\Pipeline::carry():194}:195}()
#46 /var/www/html/vendor/laravel/framework/src/Illuminate/Pipeline/Pipeline.php(219): Illuminate\\Http\\Middleware\\ValidatePathEncoding->handle()
#47 /var/www/html/vendor/laravel/framework/src/Illuminate/Pipeline/Pipeline.php(137): Illuminate\\Pipeline\\Pipeline->{closure:{closure:Illuminate\\Pipeline\\Pipeline::carry():194}:195}()
#48 /var/www/html/vendor/laravel/framework/src/Illuminate/Foundation/Http/Kernel.php(175): Illuminate\\Pipeline\\Pipeline->then()
#49 /var/www/html/vendor/laravel/framework/src/Illuminate/Foundation/Http/Kernel.php(144): Illuminate\\Foundation\\Http\\Kernel->sendRequestThroughRouter()
#50 /var/www/html/vendor/laravel/framework/src/Illuminate/Foundation/Application.php(1220): Illuminate\\Foundation\\Http\\Kernel->handle()
#51 /var/www/html/public/index.php(20): Illuminate\\Foundation\\Application->handleRequest()
#52 /var/www/html/vendor/laravel/framework/src/Illuminate/Foundation/resources/server.php(23): require_once('...')
#53 {main}
"} 
[2026-05-13 12:06:15] local.ERROR: Class "App\Http\Controllers\Product" does not exist {"exception":"[object] (ReflectionException(code: -1): Class \"App\\Http\\Controllers\\Product\" does not exist at /var/www/html/vendor/laravel/framework/src/Illuminate/Routing/ResolvesRouteDependencies.php:88)
[stacktrace]
#0 /var/www/html/vendor/laravel/framework/src/Illuminate/Routing/ResolvesRouteDependencies.php(88): ReflectionClass->__construct()
#1 /var/www/html/vendor/laravel/framework/src/Illuminate/Routing/ResolvesRouteDependencies.php(51): Illuminate\\Routing\\ControllerDispatcher->transformDependency()
#2 /var/www/html/vendor/laravel/framework/src/Illuminate/Routing/ResolvesRouteDependencies.php(30): Illuminate\\Routing\\ControllerDispatcher->resolveMethodDependencies()
#3 /var/www/html/vendor/laravel/framework/src/Illuminate/Routing/ControllerDispatcher.php(59): Illuminate\\Routing\\ControllerDispatcher->resolveClassMethodDependencies()
#4 /var/www/html/vendor/laravel/framework/src/Illuminate/Routing/ControllerDispatcher.php(40): Illuminate\\Routing\\ControllerDispatcher->resolveParameters()
#5 /var/www/html/vendor/laravel/framework/src/Illuminate/Routing/Route.php(269): Illuminate\\Routing\\ControllerDispatcher->dispatch()
#6 /var/www/html/vendor/laravel/framework/src/Illuminate/Routing/Route.php(215): Illuminate\\Routing\\Route->runController()
#7 /var/www/html/vendor/laravel/framework/src/Illuminate/Routing/Router.php(822): Illuminate\\Routing\\Route->run()
#8 /var/www/html/vendor/laravel/framework/src/Illuminate/Pipeline/Pipeline.php(180): Illuminate\\Routing\\Router->{closure:Illuminate\\Routing\\Router::runRouteWithinStack():821}()
#9 /var/www/html/vendor/laravel/framework/src/Illuminate/Routing/Middleware/SubstituteBindings.php(52): Illuminate\\Pipeline\\Pipeline->{closure:Illuminate\\Pipeline\\Pipeline::prepareDestination():178}()
#10 /var/www/html/vendor/laravel/framework/src/Illuminate/Pipeline/Pipeline.php(219): Illuminate\\Routing\\Middleware\\SubstituteBindings->handle()
#11 /var/www/html/vendor/laravel/framework/src/Illuminate/Foundation/Http/Middleware/PreventRequestForgery.php(104): Illuminate\\Pipeline\\Pipeline->{closure:{closure:Illuminate\\Pipeline\\Pipeline::carry():194}:195}()
#12 /var/www/html/vendor/laravel/framework/src/Illuminate/Pipeline/Pipeline.php(219): Illuminate\\Foundation\\Http\\Middleware\\PreventRequestForgery->handle()
#13 /var/www/html/vendor/laravel/framework/src/Illuminate/View/Middleware/ShareErrorsFromSession.php(48): Illuminate\\Pipeline\\Pipeline->{closure:{closure:Illuminate\\Pipeline\\Pipeline::carry():194}:195}()
#14 /var/www/html/vendor/laravel/framework/src/Illuminate/Pipeline/Pipeline.php(219): Illuminate\\View\\Middleware\\ShareErrorsFromSession->handle()
#15 /var/www/html/vendor/laravel/framework/src/Illuminate/Session/Middleware/StartSession.php(120): Illuminate\\Pipeline\\Pipeline->{closure:{closure:Illuminate\\Pipeline\\Pipeline::carry():194}:195}()
#16 /var/www/html/vendor/laravel/framework/src/Illuminate/Session/Middleware/StartSession.php(63): Illuminate\\Session\\Middleware\\StartSession->handleStatefulRequest()
#17 /var/www/html/vendor/laravel/framework/src/Illuminate/Pipeline/Pipeline.php(219): Illuminate\\Session\\Middleware\\StartSession->handle()
#18 /var/www/html/vendor/laravel/framework/src/Illuminate/Cookie/Middleware/AddQueuedCookiesToResponse.php(36): Illuminate\\Pipeline\\Pipeline->{closure:{closure:Illuminate\\Pipeline\\Pipeline::carry():194}:195}()
#19 /var/www/html/vendor/laravel/framework/src/Illuminate/Pipeline/Pipeline.php(219): Illuminate\\Cookie\\Middleware\\AddQueuedCookiesToResponse->handle()
#20 /var/www/html/vendor/laravel/framework/src/Illuminate/Cookie/Middleware/EncryptCookies.php(74): Illuminate\\Pipeline\\Pipeline->{closure:{closure:Illuminate\\Pipeline\\Pipeline::carry():194}:195}()
#21 /var/www/html/vendor/laravel/framework/src/Illuminate/Pipeline/Pipeline.php(219): Illuminate\\Cookie\\Middleware\\EncryptCookies->handle()
#22 /var/www/html/vendor/laravel/framework/src/Illuminate/Pipeline/Pipeline.php(137): Illuminate\\Pipeline\\Pipeline->{closure:{closure:Illuminate\\Pipeline\\Pipeline::carry():194}:195}()
#23 /var/www/html/vendor/laravel/framework/src/Illuminate/Routing/Router.php(821): Illuminate\\Pipeline\\Pipeline->then()
#24 /var/www/html/vendor/laravel/framework/src/Illuminate/Routing/Router.php(800): Illuminate\\Routing\\Router->runRouteWithinStack()
#25 /var/www/html/vendor/laravel/framework/src/Illuminate/Routing/Router.php(764): Illuminate\\Routing\\Router->runRoute()
#26 /var/www/html/vendor/laravel/framework/src/Illuminate/Routing/Router.php(753): Illuminate\\Routing\\Router->dispatchToRoute()
#27 /var/www/html/vendor/laravel/framework/src/Illuminate/Foundation/Http/Kernel.php(200): Illuminate\\Routing\\Router->dispatch()
#28 /var/www/html/vendor/laravel/framework/src/Illuminate/Pipeline/Pipeline.php(180): Illuminate\\Foundation\\Http\\Kernel->{closure:Illuminate\\Foundation\\Http\\Kernel::dispatchToRouter():197}()
#29 /var/www/html/vendor/laravel/framework/src/Illuminate/Foundation/Http/Middleware/TransformsRequest.php(21): Illuminate\\Pipeline\\Pipeline->{closure:Illuminate\\Pipeline\\Pipeline::prepareDestination():178}()
#30 /var/www/html/vendor/laravel/framework/src/Illuminate/Foundation/Http/Middleware/ConvertEmptyStringsToNull.php(31): Illuminate\\Foundation\\Http\\Middleware\\TransformsRequest->handle()
#31 /var/www/html/vendor/laravel/framework/src/Illuminate/Pipeline/Pipeline.php(219): Illuminate\\Foundation\\Http\\Middleware\\ConvertEmptyStringsToNull->handle()
#32 /var/www/html/vendor/laravel/framework/src/Illuminate/Foundation/Http/Middleware/TransformsRequest.php(21): Illuminate\\Pipeline\\Pipeline->{closure:{closure:Illuminate\\Pipeline\\Pipeline::carry():194}:195}()
#33 /var/www/html/vendor/laravel/framework/src/Illuminate/Foundation/Http/Middleware/TrimStrings.php(51): Illuminate\\Foundation\\Http\\Middleware\\TransformsRequest->handle()
#34 /var/www/html/vendor/laravel/framework/src/Illuminate/Pipeline/Pipeline.php(219): Illuminate\\Foundation\\Http\\Middleware\\TrimStrings->handle()
#35 /var/www/html/vendor/laravel/framework/src/Illuminate/Http/Middleware/ValidatePostSize.php(27): Illuminate\\Pipeline\\Pipeline->{closure:{closure:Illuminate\\Pipeline\\Pipeline::carry():194}:195}()
#36 /var/www/html/vendor/laravel/framework/src/Illuminate/Pipeline/Pipeline.php(219): Illuminate\\Http\\Middleware\\ValidatePostSize->handle()
#37 /var/www/html/vendor/laravel/framework/src/Illuminate/Foundation/Http/Middleware/PreventRequestsDuringMaintenance.php(109): Illuminate\\Pipeline\\Pipeline->{closure:{closure:Illuminate\\Pipeline\\Pipeline::carry():194}:195}()
#38 /var/www/html/vendor/laravel/framework/src/Illuminate/Pipeline/Pipeline.php(219): Illuminate\\Foundation\\Http\\Middleware\\PreventRequestsDuringMaintenance->handle()
#39 /var/www/html/vendor/laravel/framework/src/Illuminate/Http/Middleware/HandleCors.php(61): Illuminate\\Pipeline\\Pipeline->{closure:{closure:Illuminate\\Pipeline\\Pipeline::carry():194}:195}()
#40 /var/www/html/vendor/laravel/framework/src/Illuminate/Pipeline/Pipeline.php(219): Illuminate\\Http\\Middleware\\HandleCors->handle()
#41 /var/www/html/vendor/laravel/framework/src/Illuminate/Http/Middleware/TrustProxies.php(58): Illuminate\\Pipeline\\Pipeline->{closure:{closure:Illuminate\\Pipeline\\Pipeline::carry():194}:195}()
#42 /var/www/html/vendor/laravel/framework/src/Illuminate/Pipeline/Pipeline.php(219): Illuminate\\Http\\Middleware\\TrustProxies->handle()
#43 /var/www/html/vendor/laravel/framework/src/Illuminate/Foundation/Http/Middleware/InvokeDeferredCallbacks.php(22): Illuminate\\Pipeline\\Pipeline->{closure:{closure:Illuminate\\Pipeline\\Pipeline::carry():194}:195}()
#44 /var/www/html/vendor/laravel/framework/src/Illuminate/Pipeline/Pipeline.php(219): Illuminate\\Foundation\\Http\\Middleware\\InvokeDeferredCallbacks->handle()
#45 /var/www/html/vendor/laravel/framework/src/Illuminate/Http/Middleware/ValidatePathEncoding.php(28): Illuminate\\Pipeline\\Pipeline->{closure:{closure:Illuminate\\Pipeline\\Pipeline::carry():194}:195}()
#46 /var/www/html/vendor/laravel/framework/src/Illuminate/Pipeline/Pipeline.php(219): Illuminate\\Http\\Middleware\\ValidatePathEncoding->handle()
#47 /var/www/html/vendor/laravel/framework/src/Illuminate/Pipeline/Pipeline.php(137): Illuminate\\Pipeline\\Pipeline->{closure:{closure:Illuminate\\Pipeline\\Pipeline::carry():194}:195}()
#48 /var/www/html/vendor/laravel/framework/src/Illuminate/Foundation/Http/Kernel.php(175): Illuminate\\Pipeline\\Pipeline->then()
#49 /var/www/html/vendor/laravel/framework/src/Illuminate/Foundation/Http/Kernel.php(144): Illuminate\\Foundation\\Http\\Kernel->sendRequestThroughRouter()
#50 /var/www/html/vendor/laravel/framework/src/Illuminate/Foundation/Application.php(1220): Illuminate\\Foundation\\Http\\Kernel->handle()
#51 /var/www/html/public/index.php(20): Illuminate\\Foundation\\Application->handleRequest()
#52 /var/www/html/vendor/laravel/framework/src/Illuminate/Foundation/resources/server.php(23): require_once('...')
#53 {main}
"} 
[2026-05-13 12:06:20] local.ERROR: Class "App\Http\Controllers\Product" does not exist {"exception":"[object] (ReflectionException(code: -1): Class \"App\\Http\\Controllers\\Product\" does not exist at /var/www/html/vendor/laravel/framework/src/Illuminate/Routing/ResolvesRouteDependencies.php:88)
[stacktrace]
#0 /var/www/html/vendor/laravel/framework/src/Illuminate/Routing/ResolvesRouteDependencies.php(88): ReflectionClass->__construct()
#1 /var/www/html/vendor/laravel/framework/src/Illuminate/Routing/ResolvesRouteDependencies.php(51): Illuminate\\Routing\\ControllerDispatcher->transformDependency()
#2 /var/www/html/vendor/laravel/framework/src/Illuminate/Routing/ResolvesRouteDependencies.php(30): Illuminate\\Routing\\ControllerDispatcher->resolveMethodDependencies()
#3 /var/www/html/vendor/laravel/framework/src/Illuminate/Routing/ControllerDispatcher.php(59): Illuminate\\Routing\\ControllerDispatcher->resolveClassMethodDependencies()
#4 /var/www/html/vendor/laravel/framework/src/Illuminate/Routing/ControllerDispatcher.php(40): Illuminate\\Routing\\ControllerDispatcher->resolveParameters()
#5 /var/www/html/vendor/laravel/framework/src/Illuminate/Routing/Route.php(269): Illuminate\\Routing\\ControllerDispatcher->dispatch()
#6 /var/www/html/vendor/laravel/framework/src/Illuminate/Routing/Route.php(215): Illuminate\\Routing\\Route->runController()
#7 /var/www/html/vendor/laravel/framework/src/Illuminate/Routing/Router.php(822): Illuminate\\Routing\\Route->run()
#8 /var/www/html/vendor/laravel/framework/src/Illuminate/Pipeline/Pipeline.php(180): Illuminate\\Routing\\Router->{closure:Illuminate\\Routing\\Router::runRouteWithinStack():821}()
#9 /var/www/html/vendor/laravel/framework/src/Illuminate/Routing/Middleware/SubstituteBindings.php(52): Illuminate\\Pipeline\\Pipeline->{closure:Illuminate\\Pipeline\\Pipeline::prepareDestination():178}()
#10 /var/www/html/vendor/laravel/framework/src/Illuminate/Pipeline/Pipeline.php(219): Illuminate\\Routing\\Middleware\\SubstituteBindings->handle()
#11 /var/www/html/vendor/laravel/framework/src/Illuminate/Foundation/Http/Middleware/PreventRequestForgery.php(104): Illuminate\\Pipeline\\Pipeline->{closure:{closure:Illuminate\\Pipeline\\Pipeline::carry():194}:195}()
#12 /var/www/html/vendor/laravel/framework/src/Illuminate/Pipeline/Pipeline.php(219): Illuminate\\Foundation\\Http\\Middleware\\PreventRequestForgery->handle()
#13 /var/www/html/vendor/laravel/framework/src/Illuminate/View/Middleware/ShareErrorsFromSession.php(48): Illuminate\\Pipeline\\Pipeline->{closure:{closure:Illuminate\\Pipeline\\Pipeline::carry():194}:195}()
#14 /var/www/html/vendor/laravel/framework/src/Illuminate/Pipeline/Pipeline.php(219): Illuminate\\View\\Middleware\\ShareErrorsFromSession->handle()
#15 /var/www/html/vendor/laravel/framework/src/Illuminate/Session/Middleware/StartSession.php(120): Illuminate\\Pipeline\\Pipeline->{closure:{closure:Illuminate\\Pipeline\\Pipeline::carry():194}:195}()
#16 /var/www/html/vendor/laravel/framework/src/Illuminate/Session/Middleware/StartSession.php(63): Illuminate\\Session\\Middleware\\StartSession->handleStatefulRequest()
#17 /var/www/html/vendor/laravel/framework/src/Illuminate/Pipeline/Pipeline.php(219): Illuminate\\Session\\Middleware\\StartSession->handle()
#18 /var/www/html/vendor/laravel/framework/src/Illuminate/Cookie/Middleware/AddQueuedCookiesToResponse.php(36): Illuminate\\Pipeline\\Pipeline->{closure:{closure:Illuminate\\Pipeline\\Pipeline::carry():194}:195}()
#19 /var/www/html/vendor/laravel/framework/src/Illuminate/Pipeline/Pipeline.php(219): Illuminate\\Cookie\\Middleware\\AddQueuedCookiesToResponse->handle()
#20 /var/www/html/vendor/laravel/framework/src/Illuminate/Cookie/Middleware/EncryptCookies.php(74): Illuminate\\Pipeline\\Pipeline->{closure:{closure:Illuminate\\Pipeline\\Pipeline::carry():194}:195}()
#21 /var/www/html/vendor/laravel/framework/src/Illuminate/Pipeline/Pipeline.php(219): Illuminate\\Cookie\\Middleware\\EncryptCookies->handle()
#22 /var/www/html/vendor/laravel/framework/src/Illuminate/Pipeline/Pipeline.php(137): Illuminate\\Pipeline\\Pipeline->{closure:{closure:Illuminate\\Pipeline\\Pipeline::carry():194}:195}()
#23 /var/www/html/vendor/laravel/framework/src/Illuminate/Routing/Router.php(821): Illuminate\\Pipeline\\Pipeline->then()
#24 /var/www/html/vendor/laravel/framework/src/Illuminate/Routing/Router.php(800): Illuminate\\Routing\\Router->runRouteWithinStack()
#25 /var/www/html/vendor/laravel/framework/src/Illuminate/Routing/Router.php(764): Illuminate\\Routing\\Router->runRoute()
#26 /var/www/html/vendor/laravel/framework/src/Illuminate/Routing/Router.php(753): Illuminate\\Routing\\Router->dispatchToRoute()
#27 /var/www/html/vendor/laravel/framework/src/Illuminate/Foundation/Http/Kernel.php(200): Illuminate\\Routing\\Router->dispatch()
#28 /var/www/html/vendor/laravel/framework/src/Illuminate/Pipeline/Pipeline.php(180): Illuminate\\Foundation\\Http\\Kernel->{closure:Illuminate\\Foundation\\Http\\Kernel::dispatchToRouter():197}()
#29 /var/www/html/vendor/laravel/framework/src/Illuminate/Foundation/Http/Middleware/TransformsRequest.php(21): Illuminate\\Pipeline\\Pipeline->{closure:Illuminate\\Pipeline\\Pipeline::prepareDestination():178}()
#30 /var/www/html/vendor/laravel/framework/src/Illuminate/Foundation/Http/Middleware/ConvertEmptyStringsToNull.php(31): Illuminate\\Foundation\\Http\\Middleware\\TransformsRequest->handle()
#31 /var/www/html/vendor/laravel/framework/src/Illuminate/Pipeline/Pipeline.php(219): Illuminate\\Foundation\\Http\\Middleware\\ConvertEmptyStringsToNull->handle()
#32 /var/www/html/vendor/laravel/framework/src/Illuminate/Foundation/Http/Middleware/TransformsRequest.php(21): Illuminate\\Pipeline\\Pipeline->{closure:{closure:Illuminate\\Pipeline\\Pipeline::carry():194}:195}()
#33 /var/www/html/vendor/laravel/framework/src/Illuminate/Foundation/Http/Middleware/TrimStrings.php(51): Illuminate\\Foundation\\Http\\Middleware\\TransformsRequest->handle()
#34 /var/www/html/vendor/laravel/framework/src/Illuminate/Pipeline/Pipeline.php(219): Illuminate\\Foundation\\Http\\Middleware\\TrimStrings->handle()
#35 /var/www/html/vendor/laravel/framework/src/Illuminate/Http/Middleware/ValidatePostSize.php(27): Illuminate\\Pipeline\\Pipeline->{closure:{closure:Illuminate\\Pipeline\\Pipeline::carry():194}:195}()
#36 /var/www/html/vendor/laravel/framework/src/Illuminate/Pipeline/Pipeline.php(219): Illuminate\\Http\\Middleware\\ValidatePostSize->handle()
#37 /var/www/html/vendor/laravel/framework/src/Illuminate/Foundation/Http/Middleware/PreventRequestsDuringMaintenance.php(109): Illuminate\\Pipeline\\Pipeline->{closure:{closure:Illuminate\\Pipeline\\Pipeline::carry():194}:195}()
#38 /var/www/html/vendor/laravel/framework/src/Illuminate/Pipeline/Pipeline.php(219): Illuminate\\Foundation\\Http\\Middleware\\PreventRequestsDuringMaintenance->handle()
#39 /var/www/html/vendor/laravel/framework/src/Illuminate/Http/Middleware/HandleCors.php(61): Illuminate\\Pipeline\\Pipeline->{closure:{closure:Illuminate\\Pipeline\\Pipeline::carry():194}:195}()
#40 /var/www/html/vendor/laravel/framework/src/Illuminate/Pipeline/Pipeline.php(219): Illuminate\\Http\\Middleware\\HandleCors->handle()
#41 /var/www/html/vendor/laravel/framework/src/Illuminate/Http/Middleware/TrustProxies.php(58): Illuminate\\Pipeline\\Pipeline->{closure:{closure:Illuminate\\Pipeline\\Pipeline::carry():194}:195}()
#42 /var/www/html/vendor/laravel/framework/src/Illuminate/Pipeline/Pipeline.php(219): Illuminate\\Http\\Middleware\\TrustProxies->handle()
#43 /var/www/html/vendor/laravel/framework/src/Illuminate/Foundation/Http/Middleware/InvokeDeferredCallbacks.php(22): Illuminate\\Pipeline\\Pipeline->{closure:{closure:Illuminate\\Pipeline\\Pipeline::carry():194}:195}()
#44 /var/www/html/vendor/laravel/framework/src/Illuminate/Pipeline/Pipeline.php(219): Illuminate\\Foundation\\Http\\Middleware\\InvokeDeferredCallbacks->handle()
#45 /var/www/html/vendor/laravel/framework/src/Illuminate/Http/Middleware/ValidatePathEncoding.php(28): Illuminate\\Pipeline\\Pipeline->{closure:{closure:Illuminate\\Pipeline\\Pipeline::carry():194}:195}()
#46 /var/www/html/vendor/laravel/framework/src/Illuminate/Pipeline/Pipeline.php(219): Illuminate\\Http\\Middleware\\ValidatePathEncoding->handle()
#47 /var/www/html/vendor/laravel/framework/src/Illuminate/Pipeline/Pipeline.php(137): Illuminate\\Pipeline\\Pipeline->{closure:{closure:Illuminate\\Pipeline\\Pipeline::carry():194}:195}()
#48 /var/www/html/vendor/laravel/framework/src/Illuminate/Foundation/Http/Kernel.php(175): Illuminate\\Pipeline\\Pipeline->then()
#49 /var/www/html/vendor/laravel/framework/src/Illuminate/Foundation/Http/Kernel.php(144): Illuminate\\Foundation\\Http\\Kernel->sendRequestThroughRouter()
#50 /var/www/html/vendor/laravel/framework/src/Illuminate/Foundation/Application.php(1220): Illuminate\\Foundation\\Http\\Kernel->handle()
#51 /var/www/html/public/index.php(20): Illuminate\\Foundation\\Application->handleRequest()
#52 /var/www/html/vendor/laravel/framework/src/Illuminate/Foundation/resources/server.php(23): require_once('...')
#53 {main}
"} 
[2026-05-13 12:07:52] local.ERROR: Class "App\Http\Controllers\Product" does not exist {"exception":"[object] (ReflectionException(code: -1): Class \"App\\Http\\Controllers\\Product\" does not exist at /var/www/html/vendor/laravel/framework/src/Illuminate/Routing/ResolvesRouteDependencies.php:88)
[stacktrace]
#0 /var/www/html/vendor/laravel/framework/src/Illuminate/Routing/ResolvesRouteDependencies.php(88): ReflectionClass->__construct()
#1 /var/www/html/vendor/laravel/framework/src/Illuminate/Routing/ResolvesRouteDependencies.php(51): Illuminate\\Routing\\ControllerDispatcher->transformDependency()
#2 /var/www/html/vendor/laravel/framework/src/Illuminate/Routing/ResolvesRouteDependencies.php(30): Illuminate\\Routing\\ControllerDispatcher->resolveMethodDependencies()
#3 /var/www/html/vendor/laravel/framework/src/Illuminate/Routing/ControllerDispatcher.php(59): Illuminate\\Routing\\ControllerDispatcher->resolveClassMethodDependencies()
#4 /var/www/html/vendor/laravel/framework/src/Illuminate/Routing/ControllerDispatcher.php(40): Illuminate\\Routing\\ControllerDispatcher->resolveParameters()
#5 /var/www/html/vendor/laravel/framework/src/Illuminate/Routing/Route.php(269): Illuminate\\Routing\\ControllerDispatcher->dispatch()
#6 /var/www/html/vendor/laravel/framework/src/Illuminate/Routing/Route.php(215): Illuminate\\Routing\\Route->runController()
#7 /var/www/html/vendor/laravel/framework/src/Illuminate/Routing/Router.php(822): Illuminate\\Routing\\Route->run()
#8 /var/www/html/vendor/laravel/framework/src/Illuminate/Pipeline/Pipeline.php(180): Illuminate\\Routing\\Router->{closure:Illuminate\\Routing\\Router::runRouteWithinStack():821}()
#9 /var/www/html/vendor/laravel/framework/src/Illuminate/Routing/Middleware/SubstituteBindings.php(52): Illuminate\\Pipeline\\Pipeline->{closure:Illuminate\\Pipeline\\Pipeline::prepareDestination():178}()
#10 /var/www/html/vendor/laravel/framework/src/Illuminate/Pipeline/Pipeline.php(219): Illuminate\\Routing\\Middleware\\SubstituteBindings->handle()
#11 /var/www/html/vendor/laravel/framework/src/Illuminate/Foundation/Http/Middleware/PreventRequestForgery.php(104): Illuminate\\Pipeline\\Pipeline->{closure:{closure:Illuminate\\Pipeline\\Pipeline::carry():194}:195}()
#12 /var/www/html/vendor/laravel/framework/src/Illuminate/Pipeline/Pipeline.php(219): Illuminate\\Foundation\\Http\\Middleware\\PreventRequestForgery->handle()
#13 /var/www/html/vendor/laravel/framework/src/Illuminate/View/Middleware/ShareErrorsFromSession.php(48): Illuminate\\Pipeline\\Pipeline->{closure:{closure:Illuminate\\Pipeline\\Pipeline::carry():194}:195}()
#14 /var/www/html/vendor/laravel/framework/src/Illuminate/Pipeline/Pipeline.php(219): Illuminate\\View\\Middleware\\ShareErrorsFromSession->handle()
#15 /var/www/html/vendor/laravel/framework/src/Illuminate/Session/Middleware/StartSession.php(120): Illuminate\\Pipeline\\Pipeline->{closure:{closure:Illuminate\\Pipeline\\Pipeline::carry():194}:195}()
#16 /var/www/html/vendor/laravel/framework/src/Illuminate/Session/Middleware/StartSession.php(63): Illuminate\\Session\\Middleware\\StartSession->handleStatefulRequest()
#17 /var/www/html/vendor/laravel/framework/src/Illuminate/Pipeline/Pipeline.php(219): Illuminate\\Session\\Middleware\\StartSession->handle()
#18 /var/www/html/vendor/laravel/framework/src/Illuminate/Cookie/Middleware/AddQueuedCookiesToResponse.php(36): Illuminate\\Pipeline\\Pipeline->{closure:{closure:Illuminate\\Pipeline\\Pipeline::carry():194}:195}()
#19 /var/www/html/vendor/laravel/framework/src/Illuminate/Pipeline/Pipeline.php(219): Illuminate\\Cookie\\Middleware\\AddQueuedCookiesToResponse->handle()
#20 /var/www/html/vendor/laravel/framework/src/Illuminate/Cookie/Middleware/EncryptCookies.php(74): Illuminate\\Pipeline\\Pipeline->{closure:{closure:Illuminate\\Pipeline\\Pipeline::carry():194}:195}()
#21 /var/www/html/vendor/laravel/framework/src/Illuminate/Pipeline/Pipeline.php(219): Illuminate\\Cookie\\Middleware\\EncryptCookies->handle()
#22 /var/www/html/vendor/laravel/framework/src/Illuminate/Pipeline/Pipeline.php(137): Illuminate\\Pipeline\\Pipeline->{closure:{closure:Illuminate\\Pipeline\\Pipeline::carry():194}:195}()
#23 /var/www/html/vendor/laravel/framework/src/Illuminate/Routing/Router.php(821): Illuminate\\Pipeline\\Pipeline->then()
#24 /var/www/html/vendor/laravel/framework/src/Illuminate/Routing/Router.php(800): Illuminate\\Routing\\Router->runRouteWithinStack()
#25 /var/www/html/vendor/laravel/framework/src/Illuminate/Routing/Router.php(764): Illuminate\\Routing\\Router->runRoute()
#26 /var/www/html/vendor/laravel/framework/src/Illuminate/Routing/Router.php(753): Illuminate\\Routing\\Router->dispatchToRoute()
#27 /var/www/html/vendor/laravel/framework/src/Illuminate/Foundation/Http/Kernel.php(200): Illuminate\\Routing\\Router->dispatch()
#28 /var/www/html/vendor/laravel/framework/src/Illuminate/Pipeline/Pipeline.php(180): Illuminate\\Foundation\\Http\\Kernel->{closure:Illuminate\\Foundation\\Http\\Kernel::dispatchToRouter():197}()
#29 /var/www/html/vendor/laravel/framework/src/Illuminate/Foundation/Http/Middleware/TransformsRequest.php(21): Illuminate\\Pipeline\\Pipeline->{closure:Illuminate\\Pipeline\\Pipeline::prepareDestination():178}()
#30 /var/www/html/vendor/laravel/framework/src/Illuminate/Foundation/Http/Middleware/ConvertEmptyStringsToNull.php(31): Illuminate\\Foundation\\Http\\Middleware\\TransformsRequest->handle()
#31 /var/www/html/vendor/laravel/framework/src/Illuminate/Pipeline/Pipeline.php(219): Illuminate\\Foundation\\Http\\Middleware\\ConvertEmptyStringsToNull->handle()
#32 /var/www/html/vendor/laravel/framework/src/Illuminate/Foundation/Http/Middleware/TransformsRequest.php(21): Illuminate\\Pipeline\\Pipeline->{closure:{closure:Illuminate\\Pipeline\\Pipeline::carry():194}:195}()
#33 /var/www/html/vendor/laravel/framework/src/Illuminate/Foundation/Http/Middleware/TrimStrings.php(51): Illuminate\\Foundation\\Http\\Middleware\\TransformsRequest->handle()
#34 /var/www/html/vendor/laravel/framework/src/Illuminate/Pipeline/Pipeline.php(219): Illuminate\\Foundation\\Http\\Middleware\\TrimStrings->handle()
#35 /var/www/html/vendor/laravel/framework/src/Illuminate/Http/Middleware/ValidatePostSize.php(27): Illuminate\\Pipeline\\Pipeline->{closure:{closure:Illuminate\\Pipeline\\Pipeline::carry():194}:195}()
#36 /var/www/html/vendor/laravel/framework/src/Illuminate/Pipeline/Pipeline.php(219): Illuminate\\Http\\Middleware\\ValidatePostSize->handle()
#37 /var/www/html/vendor/laravel/framework/src/Illuminate/Foundation/Http/Middleware/PreventRequestsDuringMaintenance.php(109): Illuminate\\Pipeline\\Pipeline->{closure:{closure:Illuminate\\Pipeline\\Pipeline::carry():194}:195}()
#38 /var/www/html/vendor/laravel/framework/src/Illuminate/Pipeline/Pipeline.php(219): Illuminate\\Foundation\\Http\\Middleware\\PreventRequestsDuringMaintenance->handle()
#39 /var/www/html/vendor/laravel/framework/src/Illuminate/Http/Middleware/HandleCors.php(61): Illuminate\\Pipeline\\Pipeline->{closure:{closure:Illuminate\\Pipeline\\Pipeline::carry():194}:195}()
#40 /var/www/html/vendor/laravel/framework/src/Illuminate/Pipeline/Pipeline.php(219): Illuminate\\Http\\Middleware\\HandleCors->handle()
#41 /var/www/html/vendor/laravel/framework/src/Illuminate/Http/Middleware/TrustProxies.php(58): Illuminate\\Pipeline\\Pipeline->{closure:{closure:Illuminate\\Pipeline\\Pipeline::carry():194}:195}()
#42 /var/www/html/vendor/laravel/framework/src/Illuminate/Pipeline/Pipeline.php(219): Illuminate\\Http\\Middleware\\TrustProxies->handle()
#43 /var/www/html/vendor/laravel/framework/src/Illuminate/Foundation/Http/Middleware/InvokeDeferredCallbacks.php(22): Illuminate\\Pipeline\\Pipeline->{closure:{closure:Illuminate\\Pipeline\\Pipeline::carry():194}:195}()
#44 /var/www/html/vendor/laravel/framework/src/Illuminate/Pipeline/Pipeline.php(219): Illuminate\\Foundation\\Http\\Middleware\\InvokeDeferredCallbacks->handle()
#45 /var/www/html/vendor/laravel/framework/src/Illuminate/Http/Middleware/ValidatePathEncoding.php(28): Illuminate\\Pipeline\\Pipeline->{closure:{closure:Illuminate\\Pipeline\\Pipeline::carry():194}:195}()
#46 /var/www/html/vendor/laravel/framework/src/Illuminate/Pipeline/Pipeline.php(219): Illuminate\\Http\\Middleware\\ValidatePathEncoding->handle()
#47 /var/www/html/vendor/laravel/framework/src/Illuminate/Pipeline/Pipeline.php(137): Illuminate\\Pipeline\\Pipeline->{closure:{closure:Illuminate\\Pipeline\\Pipeline::carry():194}:195}()
#48 /var/www/html/vendor/laravel/framework/src/Illuminate/Foundation/Http/Kernel.php(175): Illuminate\\Pipeline\\Pipeline->then()
#49 /var/www/html/vendor/laravel/framework/src/Illuminate/Foundation/Http/Kernel.php(144): Illuminate\\Foundation\\Http\\Kernel->sendRequestThroughRouter()
#50 /var/www/html/vendor/laravel/framework/src/Illuminate/Foundation/Application.php(1220): Illuminate\\Foundation\\Http\\Kernel->handle()
#51 /var/www/html/public/index.php(20): Illuminate\\Foundation\\Application->handleRequest()
#52 /var/www/html/vendor/laravel/framework/src/Illuminate/Foundation/resources/server.php(23): require_once('...')
#53 {main}
"} 
[2026-05-13 12:08:00] local.ERROR: Class "App\Http\Controllers\Product" does not exist {"exception":"[object] (ReflectionException(code: -1): Class \"App\\Http\\Controllers\\Product\" does not exist at /var/www/html/vendor/laravel/framework/src/Illuminate/Routing/ResolvesRouteDependencies.php:88)
[stacktrace]
#0 /var/www/html/vendor/laravel/framework/src/Illuminate/Routing/ResolvesRouteDependencies.php(88): ReflectionClass->__construct()
#1 /var/www/html/vendor/laravel/framework/src/Illuminate/Routing/ResolvesRouteDependencies.php(51): Illuminate\\Routing\\ControllerDispatcher->transformDependency()
#2 /var/www/html/vendor/laravel/framework/src/Illuminate/Routing/ResolvesRouteDependencies.php(30): Illuminate\\Routing\\ControllerDispatcher->resolveMethodDependencies()
#3 /var/www/html/vendor/laravel/framework/src/Illuminate/Routing/ControllerDispatcher.php(59): Illuminate\\Routing\\ControllerDispatcher->resolveClassMethodDependencies()
#4 /var/www/html/vendor/laravel/framework/src/Illuminate/Routing/ControllerDispatcher.php(40): Illuminate\\Routing\\ControllerDispatcher->resolveParameters()
#5 /var/www/html/vendor/laravel/framework/src/Illuminate/Routing/Route.php(269): Illuminate\\Routing\\ControllerDispatcher->dispatch()
#6 /var/www/html/vendor/laravel/framework/src/Illuminate/Routing/Route.php(215): Illuminate\\Routing\\Route->runController()
#7 /var/www/html/vendor/laravel/framework/src/Illuminate/Routing/Router.php(822): Illuminate\\Routing\\Route->run()
#8 /var/www/html/vendor/laravel/framework/src/Illuminate/Pipeline/Pipeline.php(180): Illuminate\\Routing\\Router->{closure:Illuminate\\Routing\\Router::runRouteWithinStack():821}()
#9 /var/www/html/vendor/laravel/framework/src/Illuminate/Routing/Middleware/SubstituteBindings.php(52): Illuminate\\Pipeline\\Pipeline->{closure:Illuminate\\Pipeline\\Pipeline::prepareDestination():178}()
#10 /var/www/html/vendor/laravel/framework/src/Illuminate/Pipeline/Pipeline.php(219): Illuminate\\Routing\\Middleware\\SubstituteBindings->handle()
#11 /var/www/html/vendor/laravel/framework/src/Illuminate/Foundation/Http/Middleware/PreventRequestForgery.php(104): Illuminate\\Pipeline\\Pipeline->{closure:{closure:Illuminate\\Pipeline\\Pipeline::carry():194}:195}()
#12 /var/www/html/vendor/laravel/framework/src/Illuminate/Pipeline/Pipeline.php(219): Illuminate\\Foundation\\Http\\Middleware\\PreventRequestForgery->handle()
#13 /var/www/html/vendor/laravel/framework/src/Illuminate/View/Middleware/ShareErrorsFromSession.php(48): Illuminate\\Pipeline\\Pipeline->{closure:{closure:Illuminate\\Pipeline\\Pipeline::carry():194}:195}()
#14 /var/www/html/vendor/laravel/framework/src/Illuminate/Pipeline/Pipeline.php(219): Illuminate\\View\\Middleware\\ShareErrorsFromSession->handle()
#15 /var/www/html/vendor/laravel/framework/src/Illuminate/Session/Middleware/StartSession.php(120): Illuminate\\Pipeline\\Pipeline->{closure:{closure:Illuminate\\Pipeline\\Pipeline::carry():194}:195}()
#16 /var/www/html/vendor/laravel/framework/src/Illuminate/Session/Middleware/StartSession.php(63): Illuminate\\Session\\Middleware\\StartSession->handleStatefulRequest()
#17 /var/www/html/vendor/laravel/framework/src/Illuminate/Pipeline/Pipeline.php(219): Illuminate\\Session\\Middleware\\StartSession->handle()
#18 /var/www/html/vendor/laravel/framework/src/Illuminate/Cookie/Middleware/AddQueuedCookiesToResponse.php(36): Illuminate\\Pipeline\\Pipeline->{closure:{closure:Illuminate\\Pipeline\\Pipeline::carry():194}:195}()
#19 /var/www/html/vendor/laravel/framework/src/Illuminate/Pipeline/Pipeline.php(219): Illuminate\\Cookie\\Middleware\\AddQueuedCookiesToResponse->handle()
#20 /var/www/html/vendor/laravel/framework/src/Illuminate/Cookie/Middleware/EncryptCookies.php(74): Illuminate\\Pipeline\\Pipeline->{closure:{closure:Illuminate\\Pipeline\\Pipeline::carry():194}:195}()
#21 /var/www/html/vendor/laravel/framework/src/Illuminate/Pipeline/Pipeline.php(219): Illuminate\\Cookie\\Middleware\\EncryptCookies->handle()
#22 /var/www/html/vendor/laravel/framework/src/Illuminate/Pipeline/Pipeline.php(137): Illuminate\\Pipeline\\Pipeline->{closure:{closure:Illuminate\\Pipeline\\Pipeline::carry():194}:195}()
#23 /var/www/html/vendor/laravel/framework/src/Illuminate/Routing/Router.php(821): Illuminate\\Pipeline\\Pipeline->then()
#24 /var/www/html/vendor/laravel/framework/src/Illuminate/Routing/Router.php(800): Illuminate\\Routing\\Router->runRouteWithinStack()
#25 /var/www/html/vendor/laravel/framework/src/Illuminate/Routing/Router.php(764): Illuminate\\Routing\\Router->runRoute()
#26 /var/www/html/vendor/laravel/framework/src/Illuminate/Routing/Router.php(753): Illuminate\\Routing\\Router->dispatchToRoute()
#27 /var/www/html/vendor/laravel/framework/src/Illuminate/Foundation/Http/Kernel.php(200): Illuminate\\Routing\\Router->dispatch()
#28 /var/www/html/vendor/laravel/framework/src/Illuminate/Pipeline/Pipeline.php(180): Illuminate\\Foundation\\Http\\Kernel->{closure:Illuminate\\Foundation\\Http\\Kernel::dispatchToRouter():197}()
#29 /var/www/html/vendor/laravel/framework/src/Illuminate/Foundation/Http/Middleware/TransformsRequest.php(21): Illuminate\\Pipeline\\Pipeline->{closure:Illuminate\\Pipeline\\Pipeline::prepareDestination():178}()
#30 /var/www/html/vendor/laravel/framework/src/Illuminate/Foundation/Http/Middleware/ConvertEmptyStringsToNull.php(31): Illuminate\\Foundation\\Http\\Middleware\\TransformsRequest->handle()
#31 /var/www/html/vendor/laravel/framework/src/Illuminate/Pipeline/Pipeline.php(219): Illuminate\\Foundation\\Http\\Middleware\\ConvertEmptyStringsToNull->handle()
#32 /var/www/html/vendor/laravel/framework/src/Illuminate/Foundation/Http/Middleware/TransformsRequest.php(21): Illuminate\\Pipeline\\Pipeline->{closure:{closure:Illuminate\\Pipeline\\Pipeline::carry():194}:195}()
#33 /var/www/html/vendor/laravel/framework/src/Illuminate/Foundation/Http/Middleware/TrimStrings.php(51): Illuminate\\Foundation\\Http\\Middleware\\TransformsRequest->handle()
#34 /var/www/html/vendor/laravel/framework/src/Illuminate/Pipeline/Pipeline.php(219): Illuminate\\Foundation\\Http\\Middleware\\TrimStrings->handle()
#35 /var/www/html/vendor/laravel/framework/src/Illuminate/Http/Middleware/ValidatePostSize.php(27): Illuminate\\Pipeline\\Pipeline->{closure:{closure:Illuminate\\Pipeline\\Pipeline::carry():194}:195}()
#36 /var/www/html/vendor/laravel/framework/src/Illuminate/Pipeline/Pipeline.php(219): Illuminate\\Http\\Middleware\\ValidatePostSize->handle()
#37 /var/www/html/vendor/laravel/framework/src/Illuminate/Foundation/Http/Middleware/PreventRequestsDuringMaintenance.php(109): Illuminate\\Pipeline\\Pipeline->{closure:{closure:Illuminate\\Pipeline\\Pipeline::carry():194}:195}()
#38 /var/www/html/vendor/laravel/framework/src/Illuminate/Pipeline/Pipeline.php(219): Illuminate\\Foundation\\Http\\Middleware\\PreventRequestsDuringMaintenance->handle()
#39 /var/www/html/vendor/laravel/framework/src/Illuminate/Http/Middleware/HandleCors.php(61): Illuminate\\Pipeline\\Pipeline->{closure:{closure:Illuminate\\Pipeline\\Pipeline::carry():194}:195}()
#40 /var/www/html/vendor/laravel/framework/src/Illuminate/Pipeline/Pipeline.php(219): Illuminate\\Http\\Middleware\\HandleCors->handle()
#41 /var/www/html/vendor/laravel/framework/src/Illuminate/Http/Middleware/TrustProxies.php(58): Illuminate\\Pipeline\\Pipeline->{closure:{closure:Illuminate\\Pipeline\\Pipeline::carry():194}:195}()
#42 /var/www/html/vendor/laravel/framework/src/Illuminate/Pipeline/Pipeline.php(219): Illuminate\\Http\\Middleware\\TrustProxies->handle()
#43 /var/www/html/vendor/laravel/framework/src/Illuminate/Foundation/Http/Middleware/InvokeDeferredCallbacks.php(22): Illuminate\\Pipeline\\Pipeline->{closure:{closure:Illuminate\\Pipeline\\Pipeline::carry():194}:195}()
#44 /var/www/html/vendor/laravel/framework/src/Illuminate/Pipeline/Pipeline.php(219): Illuminate\\Foundation\\Http\\Middleware\\InvokeDeferredCallbacks->handle()
#45 /var/www/html/vendor/laravel/framework/src/Illuminate/Http/Middleware/ValidatePathEncoding.php(28): Illuminate\\Pipeline\\Pipeline->{closure:{closure:Illuminate\\Pipeline\\Pipeline::carry():194}:195}()
#46 /var/www/html/vendor/laravel/framework/src/Illuminate/Pipeline/Pipeline.php(219): Illuminate\\Http\\Middleware\\ValidatePathEncoding->handle()
#47 /var/www/html/vendor/laravel/framework/src/Illuminate/Pipeline/Pipeline.php(137): Illuminate\\Pipeline\\Pipeline->{closure:{closure:Illuminate\\Pipeline\\Pipeline::carry():194}:195}()
#48 /var/www/html/vendor/laravel/framework/src/Illuminate/Foundation/Http/Kernel.php(175): Illuminate\\Pipeline\\Pipeline->then()
#49 /var/www/html/vendor/laravel/framework/src/Illuminate/Foundation/Http/Kernel.php(144): Illuminate\\Foundation\\Http\\Kernel->sendRequestThroughRouter()
#50 /var/www/html/vendor/laravel/framework/src/Illuminate/Foundation/Application.php(1220): Illuminate\\Foundation\\Http\\Kernel->handle()
#51 /var/www/html/public/index.php(20): Illuminate\\Foundation\\Application->handleRequest()
#52 /var/www/html/vendor/laravel/framework/src/Illuminate/Foundation/resources/server.php(23): require_once('...')
#53 {main}
"} 
[2026-05-13 12:14:12] local.ERROR: Cannot redeclare App\Http\Controllers\ProductController::index() {"exception":"[object] (Symfony\\Component\\ErrorHandler\\Error\\FatalError(code: 0): Cannot redeclare App\\Http\\Controllers\\ProductController::index() at /var/www/html/app/Http/Controllers/ProductController.php:117)
[stacktrace]
#0 {main}
"} 
[2026-05-13 19:10:13] local.ERROR: Class "DOMDocument" not found {"exception":"[object] (Error(code: 0): Class \"DOMDocument\" not found at /home/dragon/gestion-produits/vendor/symfony/console/Descriptor/XmlDescriptor.php:84)
[stacktrace]
#0 /home/dragon/gestion-produits/vendor/symfony/console/Descriptor/XmlDescriptor.php(145): Symfony\\Component\\Console\\Descriptor\\XmlDescriptor->getApplicationDocument()
#1 /home/dragon/gestion-produits/vendor/symfony/console/Descriptor/Descriptor.php(40): Symfony\\Component\\Console\\Descriptor\\XmlDescriptor->describeApplication()
#2 /home/dragon/gestion-produits/vendor/symfony/console/Helper/DescriptorHelper.php(67): Symfony\\Component\\Console\\Descriptor\\Descriptor->describe()
#3 /home/dragon/gestion-produits/vendor/symfony/console/Command/ListCommand.php(63): Symfony\\Component\\Console\\Helper\\DescriptorHelper->describe()
#4 /home/dragon/gestion-produits/vendor/symfony/console/Command/Command.php(291): Symfony\\Component\\Console\\Command\\ListCommand->execute()
#5 /home/dragon/gestion-produits/vendor/symfony/console/Application.php(1107): Symfony\\Component\\Console\\Command\\Command->run()
#6 /home/dragon/gestion-produits/vendor/symfony/console/Application.php(356): Symfony\\Component\\Console\\Application->doRunCommand()
#7 /home/dragon/gestion-produits/vendor/symfony/console/Application.php(195): Symfony\\Component\\Console\\Application->doRun()
#8 /home/dragon/gestion-produits/vendor/laravel/framework/src/Illuminate/Foundation/Console/Kernel.php(198): Symfony\\Component\\Console\\Application->run()
#9 /home/dragon/gestion-produits/vendor/laravel/framework/src/Illuminate/Foundation/Application.php(1235): Illuminate\\Foundation\\Console\\Kernel->handle()
#10 /home/dragon/gestion-produits/artisan(16): Illuminate\\Foundation\\Application->handleCommand()
#11 {main}
"} 
[2026-05-13 19:19:21] local.ERROR: Class "DOMDocument" not found {"exception":"[object] (Error(code: 0): Class \"DOMDocument\" not found at /home/dragon/gestion-produits/vendor/symfony/console/Descriptor/XmlDescriptor.php:84)
[stacktrace]
#0 /home/dragon/gestion-produits/vendor/symfony/console/Descriptor/XmlDescriptor.php(145): Symfony\\Component\\Console\\Descriptor\\XmlDescriptor->getApplicationDocument()
#1 /home/dragon/gestion-produits/vendor/symfony/console/Descriptor/Descriptor.php(40): Symfony\\Component\\Console\\Descriptor\\XmlDescriptor->describeApplication()
#2 /home/dragon/gestion-produits/vendor/symfony/console/Helper/DescriptorHelper.php(67): Symfony\\Component\\Console\\Descriptor\\Descriptor->describe()
#3 /home/dragon/gestion-produits/vendor/symfony/console/Command/ListCommand.php(63): Symfony\\Component\\Console\\Helper\\DescriptorHelper->describe()
#4 /home/dragon/gestion-produits/vendor/symfony/console/Command/Command.php(291): Symfony\\Component\\Console\\Command\\ListCommand->execute()
#5 /home/dragon/gestion-produits/vendor/symfony/console/Application.php(1107): Symfony\\Component\\Console\\Command\\Command->run()
#6 /home/dragon/gestion-produits/vendor/symfony/console/Application.php(356): Symfony\\Component\\Console\\Application->doRunCommand()
#7 /home/dragon/gestion-produits/vendor/symfony/console/Application.php(195): Symfony\\Component\\Console\\Application->doRun()
#8 /home/dragon/gestion-produits/vendor/laravel/framework/src/Illuminate/Foundation/Console/Kernel.php(198): Symfony\\Component\\Console\\Application->run()
#9 /home/dragon/gestion-produits/vendor/laravel/framework/src/Illuminate/Foundation/Application.php(1235): Illuminate\\Foundation\\Console\\Kernel->handle()
#10 /home/dragon/gestion-produits/artisan(16): Illuminate\\Foundation\\Application->handleCommand()
#11 {main}
"} 
[2026-05-13 19:24:41] local.ERROR: Maximum execution time of 30 seconds exceeded {"exception":"[object] (Symfony\\Component\\ErrorHandler\\Error\\FatalError(code: 0): Maximum execution time of 30 seconds exceeded at /var/www/html/vendor/dompdf/dompdf/src/Cellmap.php:810)
[stacktrace]
#0 {main}
"} 
[2026-05-13 19:24:56] local.ERROR: Maximum execution time of 30 seconds exceeded {"exception":"[object] (Symfony\\Component\\ErrorHandler\\Error\\FatalError(code: 0): Maximum execution time of 30 seconds exceeded at /var/www/html/vendor/dompdf/dompdf/src/Css/Style.php:951)
[stacktrace]
#0 {main}
"} 
